<?xml version="1.0" encoding="utf-8"?>
<kml xmlns="http://earth.google.com/kml/2.2">
  <Document>
    <Placemark>
      <name>13-Buenos Aires-Aeroparque Jorge Newbery</name>
      <Point>
        <extrude>1</extrude>
        <altitudeMode>absolute</altitudeMode>
        <coordinates>-58.425098,-34.553902,5.486400000000001</coordinates>
      </Point>
    </Placemark>
    <Placemark>
      <name>groundRun-13</name>
      <Point>
        <extrude>1</extrude>
        <altitudeMode>absolute</altitudeMode>
        <coordinates>-58.42508054789295,-34.55391169500037,5.486400000000001</coordinates>
      </Point>
    </Placemark>
    <Placemark>
      <name></name>
      <Point>
        <extrude>1</extrude>
        <altitudeMode>absolute</altitudeMode>
        <coordinates>-58.42394615612727,-34.554541869475976,5.486400000000001</coordinates>
      </Point>
    </Placemark>
    <Placemark>
      <name></name>
      <Point>
        <extrude>1</extrude>
        <altitudeMode>absolute</altitudeMode>
        <coordinates>-58.42106650613243,-34.55614154124722,5.486400000000001</coordinates>
      </Point>
    </Placemark>
    <Placemark>
      <name></name>
      <Point>
        <extrude>1</extrude>
        <altitudeMode>absolute</altitudeMode>
        <coordinates>-58.41644149520822,-34.55871070782174,5.486400000000001</coordinates>
      </Point>
    </Placemark>
    <Placemark>
      <name></name>
      <Point>
        <extrude>1</extrude>
        <altitudeMode>absolute</altitudeMode>
        <coordinates>-58.41007095960701,-34.56224936670602,5.486400000000001</coordinates>
      </Point>
    </Placemark>
    <Placemark>
      <name>takeOff-1997.5-meters</name>
      <Point>
        <extrude>1</extrude>
        <altitudeMode>absolute</altitudeMode>
        <coordinates>-58.40703395014785,-34.563936287547605,5.486400000000001</coordinates>
      </Point>
    </Placemark>
    <Placemark>
      <name>climbRamp-13</name>
      <Point>
        <extrude>1</extrude>
        <altitudeMode>absolute</altitudeMode>
        <coordinates>-58.40625248924704,-34.56437034795573,18.0764</coordinates>
      </Point>
    </Placemark>
    <Placemark>
      <name></name>
      <Point>
        <extrude>1</extrude>
        <altitudeMode>absolute</altitudeMode>
        <coordinates>-58.398425002804316,-34.56871797971798,94.37639999999996</coordinates>
      </Point>
    </Placemark>
    <Placemark>
      <name></name>
      <Point>
        <extrude>1</extrude>
        <altitudeMode>absolute</altitudeMode>
        <coordinates>-58.39056889579513,-34.57308127955057,170.67639999999992</coordinates>
      </Point>
    </Placemark>
    <Placemark>
      <name></name>
      <Point>
        <extrude>1</extrude>
        <altitudeMode>absolute</altitudeMode>
        <coordinates>-58.382684018053254,-34.57746032833185,246.97639999999987</coordinates>
      </Point>
    </Placemark>
    <Placemark>
      <name></name>
      <Point>
        <extrude>1</extrude>
        <altitudeMode>absolute</altitudeMode>
        <coordinates>-58.374770218420664,-34.581855207464145,323.27639999999985</coordinates>
      </Point>
    </Placemark>
    <Placemark>
      <name></name>
      <Point>
        <extrude>1</extrude>
        <altitudeMode>absolute</altitudeMode>
        <coordinates>-58.36682734473972,-34.586265998877394,399.5763999999998</coordinates>
      </Point>
    </Placemark>
    <Placemark>
      <name></name>
      <Point>
        <extrude>1</extrude>
        <altitudeMode>absolute</altitudeMode>
        <coordinates>-58.35885524384574,-34.59069278503311,475.87639999999976</coordinates>
      </Point>
    </Placemark>
    <Placemark>
      <name></name>
      <Point>
        <extrude>1</extrude>
        <altitudeMode>absolute</altitudeMode>
        <coordinates>-58.35085376155946,-34.59513564892823,552.1763999999997</coordinates>
      </Point>
    </Placemark>
    <Placemark>
      <name></name>
      <Point>
        <extrude>1</extrude>
        <altitudeMode>absolute</altitudeMode>
        <coordinates>-58.34282274267936,-34.599594674099016,628.4763999999997</coordinates>
      </Point>
    </Placemark>
    <Placemark>
      <name></name>
      <Point>
        <extrude>1</extrude>
        <altitudeMode>absolute</altitudeMode>
        <coordinates>-58.33476203097422,-34.604069944624996,704.7763999999996</coordinates>
      </Point>
    </Placemark>
    <Placemark>
      <name>climbRamp-4.5 nm</name>
      <Point>
        <extrude>1</extrude>
        <altitudeMode>absolute</altitudeMode>
        <coordinates>-58.33152939710787,-34.60586462047276,735.2963999999996</coordinates>
      </Point>
    </Placemark>
    <Placemark>
      <name>turn-122.3-deg</name>
      <Point>
        <extrude>1</extrude>
        <altitudeMode>absolute</altitudeMode>
        <coordinates>-58.33070486866859,-34.606294019198664,742.9263999999996</coordinates>
      </Point>
    </Placemark>
    <Placemark>
      <name></name>
      <Point>
        <extrude>1</extrude>
        <altitudeMode>absolute</altitudeMode>
        <coordinates>-58.32259188510712,-34.61078472498084,819.2263999999996</coordinates>
      </Point>
    </Placemark>
    <Placemark>
      <name></name>
      <Point>
        <extrude>1</extrude>
        <altitudeMode>absolute</altitudeMode>
        <coordinates>-58.314448345724045,-34.615291315528204,895.5263999999995</coordinates>
      </Point>
    </Placemark>
    <Placemark>
      <name></name>
      <Point>
        <extrude>1</extrude>
        <altitudeMode>absolute</altitudeMode>
        <coordinates>-58.30627408559264,-34.61981387058942,971.8263999999995</coordinates>
      </Point>
    </Placemark>
    <Placemark>
      <name></name>
      <Point>
        <extrude>1</extrude>
        <altitudeMode>absolute</altitudeMode>
        <coordinates>-58.298068938667654,-34.6243524704067,1048.1263999999999</coordinates>
      </Point>
    </Placemark>
    <Placemark>
      <name></name>
      <Point>
        <extrude>1</extrude>
        <altitudeMode>absolute</altitudeMode>
        <coordinates>-58.28983273777669,-34.62890719571905,1124.426400000001</coordinates>
      </Point>
    </Placemark>
    <Placemark>
      <name></name>
      <Point>
        <extrude>1</extrude>
        <altitudeMode>absolute</altitudeMode>
        <coordinates>-58.281565314611555,-34.633478127765656,1200.726400000002</coordinates>
      </Point>
    </Placemark>
    <Placemark>
      <name></name>
      <Point>
        <extrude>1</extrude>
        <altitudeMode>absolute</altitudeMode>
        <coordinates>-58.27326649971954,-34.63806534828917,1277.0264000000032</coordinates>
      </Point>
    </Placemark>
    <Placemark>
      <name>flyby-EndOfClimbRamp</name>
      <Point>
        <extrude>1</extrude>
        <altitudeMode>absolute</altitudeMode>
        <coordinates>-58.26743855990467,-34.64128613832354,1330.436400000004</coordinates>
      </Point>
    </Placemark>
    <Placemark>
      <name></name>
      <Point>
        <extrude>1</extrude>
        <altitudeMode>absolute</altitudeMode>
        <coordinates>-58.26020474667267,-34.646834649165505,1406.736400000005</coordinates>
      </Point>
    </Placemark>
    <Placemark>
      <name></name>
      <Point>
        <extrude>1</extrude>
        <altitudeMode>absolute</altitudeMode>
        <coordinates>-58.2550549826413,-34.65394912128585,1483.036400000006</coordinates>
      </Point>
    </Placemark>
    <Placemark>
      <name></name>
      <Point>
        <extrude>1</extrude>
        <altitudeMode>absolute</altitudeMode>
        <coordinates>-58.252550596996215,-34.66200051856712,1559.3364000000072</coordinates>
      </Point>
    </Placemark>
    <Placemark>
      <name></name>
      <Point>
        <extrude>1</extrude>
        <altitudeMode>absolute</altitudeMode>
        <coordinates>-58.25292747485214,-34.670336168132465,1635.6364000000083</coordinates>
      </Point>
    </Placemark>
    <Placemark>
      <name></name>
      <Point>
        <extrude>1</extrude>
        <altitudeMode>absolute</altitudeMode>
        <coordinates>-58.25618671439355,-34.67826772953407,1711.9364000000094</coordinates>
      </Point>
    </Placemark>
    <Placemark>
      <name></name>
      <Point>
        <extrude>1</extrude>
        <altitudeMode>absolute</altitudeMode>
        <coordinates>-58.26208828538107,-34.68512791110481,1788.2364000000105</coordinates>
      </Point>
    </Placemark>
    <Placemark>
      <name></name>
      <Point>
        <extrude>1</extrude>
        <altitudeMode>absolute</altitudeMode>
        <coordinates>-58.27016488032413,-34.69032731436467,1864.5364000000116</coordinates>
      </Point>
    </Placemark>
    <Placemark>
      <name></name>
      <Point>
        <extrude>1</extrude>
        <altitudeMode>absolute</altitudeMode>
        <coordinates>-58.27975564814291,-34.693406560188414,1940.8364000000126</coordinates>
      </Point>
    </Placemark>
    <Placemark>
      <name></name>
      <Point>
        <extrude>1</extrude>
        <altitudeMode>absolute</altitudeMode>
        <coordinates>-58.290057750220825,-34.69407901995241,2017.1364000000137</coordinates>
      </Point>
    </Placemark>
    <Placemark>
      <name>turn-274.7-deg</name>
      <Point>
        <extrude>1</extrude>
        <altitudeMode>absolute</altitudeMode>
        <coordinates>-58.29109350539714,-34.69400878607707,2024.7664000000138</coordinates>
      </Point>
    </Placemark>
    <Placemark>
      <name></name>
      <Point>
        <extrude>1</extrude>
        <altitudeMode>absolute</altitudeMode>
        <coordinates>-58.30147631578112,-34.69334553332478,2101.0664000000147</coordinates>
      </Point>
    </Placemark>
    <Placemark>
      <name></name>
      <Point>
        <extrude>1</extrude>
        <altitudeMode>absolute</altitudeMode>
        <coordinates>-58.31189794847555,-34.69267890443168,2177.366400000016</coordinates>
      </Point>
    </Placemark>
    <Placemark>
      <name></name>
      <Point>
        <extrude>1</extrude>
        <altitudeMode>absolute</altitudeMode>
        <coordinates>-58.322358609554435,-34.69200887613443,2253.666400000017</coordinates>
      </Point>
    </Placemark>
    <Placemark>
      <name></name>
      <Point>
        <extrude>1</extrude>
        <altitudeMode>absolute</altitudeMode>
        <coordinates>-58.33285850644049,-34.691335424973744,2329.966400000018</coordinates>
      </Point>
    </Placemark>
    <Placemark>
      <name></name>
      <Point>
        <extrude>1</extrude>
        <altitudeMode>absolute</altitudeMode>
        <coordinates>-58.34339784791465,-34.690658527292456,2406.266400000019</coordinates>
      </Point>
    </Placemark>
    <Placemark>
      <name></name>
      <Point>
        <extrude>1</extrude>
        <altitudeMode>absolute</altitudeMode>
        <coordinates>-58.35397684412568,-34.68997815923363,2482.56640000002</coordinates>
      </Point>
    </Placemark>
    <Placemark>
      <name></name>
      <Point>
        <extrude>1</extrude>
        <altitudeMode>absolute</altitudeMode>
        <coordinates>-58.36459570659987,-34.68929429673866,2558.8664000000213</coordinates>
      </Point>
    </Placemark>
    <Placemark>
      <name></name>
      <Point>
        <extrude>1</extrude>
        <altitudeMode>absolute</altitudeMode>
        <coordinates>-58.37525464825082,-34.68860691554532,2635.1664000000223</coordinates>
      </Point>
    </Placemark>
    <Placemark>
      <name></name>
      <Point>
        <extrude>1</extrude>
        <altitudeMode>absolute</altitudeMode>
        <coordinates>-58.38595388338907,-34.68791599118582,2711.4664000000234</coordinates>
      </Point>
    </Placemark>
    <Placemark>
      <name></name>
      <Point>
        <extrude>1</extrude>
        <altitudeMode>absolute</altitudeMode>
        <coordinates>-58.396693627732155,-34.68722149898483,2787.7664000000245</coordinates>
      </Point>
    </Placemark>
    <Placemark>
      <name></name>
      <Point>
        <extrude>1</extrude>
        <altitudeMode>absolute</altitudeMode>
        <coordinates>-58.40747409841434,-34.68652341405748,2864.0664000000256</coordinates>
      </Point>
    </Placemark>
    <Placemark>
      <name></name>
      <Point>
        <extrude>1</extrude>
        <altitudeMode>absolute</altitudeMode>
        <coordinates>-58.41829551399665,-34.68582171130732,2940.3664000000267</coordinates>
      </Point>
    </Placemark>
    <Placemark>
      <name></name>
      <Point>
        <extrude>1</extrude>
        <altitudeMode>absolute</altitudeMode>
        <coordinates>-58.42915809447688,-34.68511636542434,3016.666400000028</coordinates>
      </Point>
    </Placemark>
    <Placemark>
      <name></name>
      <Point>
        <extrude>1</extrude>
        <altitudeMode>absolute</altitudeMode>
        <coordinates>-58.44006206129968,-34.68440735088287,3092.966400000029</coordinates>
      </Point>
    </Placemark>
    <Placemark>
      <name></name>
      <Point>
        <extrude>1</extrude>
        <altitudeMode>absolute</altitudeMode>
        <coordinates>-58.45100763736662,-34.68369464193951,3169.26640000003</coordinates>
      </Point>
    </Placemark>
    <Placemark>
      <name></name>
      <Point>
        <extrude>1</extrude>
        <altitudeMode>absolute</altitudeMode>
        <coordinates>-58.461995047046415,-34.68297821263106,3245.566400000031</coordinates>
      </Point>
    </Placemark>
    <Placemark>
      <name></name>
      <Point>
        <extrude>1</extrude>
        <altitudeMode>absolute</altitudeMode>
        <coordinates>-58.47302451618517,-34.68225803677238,3321.866400000032</coordinates>
      </Point>
    </Placemark>
    <Placemark>
      <name></name>
      <Point>
        <extrude>1</extrude>
        <altitudeMode>absolute</altitudeMode>
        <coordinates>-58.48409627211663,-34.68153408795421,3398.1664000000333</coordinates>
      </Point>
    </Placemark>
    <Placemark>
      <name></name>
      <Point>
        <extrude>1</extrude>
        <altitudeMode>absolute</altitudeMode>
        <coordinates>-58.495210543672584,-34.68080633954109,3474.4664000000344</coordinates>
      </Point>
    </Placemark>
    <Placemark>
      <name></name>
      <Point>
        <extrude>1</extrude>
        <altitudeMode>absolute</altitudeMode>
        <coordinates>-58.50636756119317,-34.68007476466914,3550.7664000000354</coordinates>
      </Point>
    </Placemark>
    <Placemark>
      <name></name>
      <Point>
        <extrude>1</extrude>
        <altitudeMode>absolute</altitudeMode>
        <coordinates>-58.51756755653742,-34.679339336243835,3627.0664000000365</coordinates>
      </Point>
    </Placemark>
    <Placemark>
      <name></name>
      <Point>
        <extrude>1</extrude>
        <altitudeMode>absolute</altitudeMode>
        <coordinates>-58.5288107630937,-34.67860002693778,3703.3664000000376</coordinates>
      </Point>
    </Placemark>
    <Placemark>
      <name></name>
      <Point>
        <extrude>1</extrude>
        <altitudeMode>absolute</altitudeMode>
        <coordinates>-58.540204880403365,-34.67784972765926,3766.1664000000396</coordinates>
      </Point>
    </Placemark>
    <Placemark>
      <name></name>
      <Point>
        <extrude>1</extrude>
        <altitudeMode>absolute</altitudeMode>
        <coordinates>-58.551840753308355,-34.67708240061816,3828.9664000000416</coordinates>
      </Point>
    </Placemark>
    <Placemark>
      <name>flyby-StartOfDescentRamp</name>
      <Point>
        <extrude>1</extrude>
        <altitudeMode>absolute</altitudeMode>
        <coordinates>-58.55419682444267,-34.676926893292034,3841.526400000042</coordinates>
      </Point>
    </Placemark>
    <Placemark>
      <name></name>
      <Point>
        <extrude>1</extrude>
        <altitudeMode>absolute</altitudeMode>
        <coordinates>-58.565903347760525,-34.6784253838872,3904.326400000044</coordinates>
      </Point>
    </Placemark>
    <Placemark>
      <name></name>
      <Point>
        <extrude>1</extrude>
        <altitudeMode>absolute</altitudeMode>
        <coordinates>-58.57600495750998,-34.68391544007104,3967.126400000046</coordinates>
      </Point>
    </Placemark>
    <Placemark>
      <name></name>
      <Point>
        <extrude>1</extrude>
        <altitudeMode>absolute</altitudeMode>
        <coordinates>-58.58243709532621,-34.69257706802793,4029.926400000048</coordinates>
      </Point>
    </Placemark>
    <Placemark>
      <name></name>
      <Point>
        <extrude>1</extrude>
        <altitudeMode>absolute</altitudeMode>
        <coordinates>-58.58370670630072,-34.70286326249934,4092.72640000005</coordinates>
      </Point>
    </Placemark>
    <Placemark>
      <name>turn-147.9-deg</name>
      <Point>
        <extrude>1</extrude>
        <altitudeMode>absolute</altitudeMode>
        <coordinates>-58.579263354838716,-34.712737377519325,4155.526400000048</coordinates>
      </Point>
    </Placemark>
    <Placemark>
      <name></name>
      <Point>
        <extrude>1</extrude>
        <altitudeMode>absolute</altitudeMode>
        <coordinates>-58.5726535802999,-34.72208663485348,4218.326400000045</coordinates>
      </Point>
    </Placemark>
    <Placemark>
      <name></name>
      <Point>
        <extrude>1</extrude>
        <altitudeMode>absolute</altitudeMode>
        <coordinates>-58.5659250611406,-34.73160131377123,4281.126400000043</coordinates>
      </Point>
    </Placemark>
    <Placemark>
      <name></name>
      <Point>
        <extrude>1</extrude>
        <altitudeMode>absolute</altitudeMode>
        <coordinates>-58.55907841084261,-34.74128041191842,4343.92640000004</coordinates>
      </Point>
    </Placemark>
    <Placemark>
      <name>turn-344.2-deg</name>
      <Point>
        <extrude>1</extrude>
        <altitudeMode>absolute</altitudeMode>
        <coordinates>-58.555610979745914,-34.746181302444086,4375.326400000039</coordinates>
      </Point>
    </Placemark>
    <Placemark>
      <name></name>
      <Point>
        <extrude>1</extrude>
        <altitudeMode>absolute</altitudeMode>
        <coordinates>-58.549529588007275,-34.75650613114914,4438.1264000000365</coordinates>
      </Point>
    </Placemark>
    <Placemark>
      <name>turn-164.2-deg</name>
      <Point>
        <extrude>1</extrude>
        <altitudeMode>absolute</altitudeMode>
        <coordinates>-58.545902902650624,-34.76533063681815,4488.366400000034</coordinates>
      </Point>
    </Placemark>
    <Placemark>
      <name>13-Buenos Aires-Aeroparque Jorge Newbery</name>
      <Point>
        <extrude>1</extrude>
        <altitudeMode>absolute</altitudeMode>
        <coordinates>-58.425098,-34.553902,5.486400000000001</coordinates>
      </Point>
    </Placemark>
    <Placemark>
      <name>groundRun-13</name>
      <Point>
        <extrude>1</extrude>
        <altitudeMode>absolute</altitudeMode>
        <coordinates>-58.42508054789295,-34.55391169500037,5.486400000000001</coordinates>
      </Point>
    </Placemark>
    <Placemark>
      <name></name>
      <Point>
        <extrude>1</extrude>
        <altitudeMode>absolute</altitudeMode>
        <coordinates>-58.425045643670686,-34.55393108499862,5.486400000000001</coordinates>
      </Point>
    </Placemark>
    <Placemark>
      <name></name>
      <Point>
        <extrude>1</extrude>
        <altitudeMode>absolute</altitudeMode>
        <coordinates>-58.42499328731904,-34.55396016999224,5.486400000000001</coordinates>
      </Point>
    </Placemark>
    <Placemark>
      <name></name>
      <Point>
        <extrude>1</extrude>
        <altitudeMode>absolute</altitudeMode>
        <coordinates>-58.42492347881765,-34.553998949978755,5.486400000000001</coordinates>
      </Point>
    </Placemark>
    <Placemark>
      <name></name>
      <Point>
        <extrude>1</extrude>
        <altitudeMode>absolute</altitudeMode>
        <coordinates>-58.424836218140115,-34.55404742495566,5.486400000000001</coordinates>
      </Point>
    </Placemark>
    <Placemark>
      <name></name>
      <Point>
        <extrude>1</extrude>
        <altitudeMode>absolute</altitudeMode>
        <coordinates>-58.4247315052539,-34.554105594920486,5.486400000000001</coordinates>
      </Point>
    </Placemark>
    <Placemark>
      <name></name>
      <Point>
        <extrude>1</extrude>
        <altitudeMode>absolute</altitudeMode>
        <coordinates>-58.424609340120384,-34.55417345987072,5.486400000000001</coordinates>
      </Point>
    </Placemark>
    <Placemark>
      <name></name>
      <Point>
        <extrude>1</extrude>
        <altitudeMode>absolute</altitudeMode>
        <coordinates>-58.42446972269485,-34.55425101980388,5.486400000000001</coordinates>
      </Point>
    </Placemark>
    <Placemark>
      <name></name>
      <Point>
        <extrude>1</extrude>
        <altitudeMode>absolute</altitudeMode>
        <coordinates>-58.42431265292646,-34.55433827471747,5.486400000000001</coordinates>
      </Point>
    </Placemark>
    <Placemark>
      <name></name>
      <Point>
        <extrude>1</extrude>
        <altitudeMode>absolute</altitudeMode>
        <coordinates>-58.42413813075828,-34.554435224608994,5.486400000000001</coordinates>
      </Point>
    </Placemark>
    <Placemark>
      <name></name>
      <Point>
        <extrude>1</extrude>
        <altitudeMode>absolute</altitudeMode>
        <coordinates>-58.42394615612727,-34.554541869475976,5.486400000000001</coordinates>
      </Point>
    </Placemark>
    <Placemark>
      <name></name>
      <Point>
        <extrude>1</extrude>
        <altitudeMode>absolute</altitudeMode>
        <coordinates>-58.423736728964315,-34.55465820931592,5.486400000000001</coordinates>
      </Point>
    </Placemark>
    <Placemark>
      <name></name>
      <Point>
        <extrude>1</extrude>
        <altitudeMode>absolute</altitudeMode>
        <coordinates>-58.423509849194204,-34.554784244126324,5.486400000000001</coordinates>
      </Point>
    </Placemark>
    <Placemark>
      <name></name>
      <Point>
        <extrude>1</extrude>
        <altitudeMode>absolute</altitudeMode>
        <coordinates>-58.42326551673554,-34.554919973904695,5.486400000000001</coordinates>
      </Point>
    </Placemark>
    <Placemark>
      <name></name>
      <Point>
        <extrude>1</extrude>
        <altitudeMode>absolute</altitudeMode>
        <coordinates>-58.42300373150093,-34.55506539864855,5.486400000000001</coordinates>
      </Point>
    </Placemark>
    <Placemark>
      <name></name>
      <Point>
        <extrude>1</extrude>
        <altitudeMode>absolute</altitudeMode>
        <coordinates>-58.422724493396814,-34.555220518355405,5.486400000000001</coordinates>
      </Point>
    </Placemark>
    <Placemark>
      <name></name>
      <Point>
        <extrude>1</extrude>
        <altitudeMode>absolute</altitudeMode>
        <coordinates>-58.422427802323554,-34.55538533302275,5.486400000000001</coordinates>
      </Point>
    </Placemark>
    <Placemark>
      <name></name>
      <Point>
        <extrude>1</extrude>
        <altitudeMode>absolute</altitudeMode>
        <coordinates>-58.42211365817539,-34.55555984264809,5.486400000000001</coordinates>
      </Point>
    </Placemark>
    <Placemark>
      <name></name>
      <Point>
        <extrude>1</extrude>
        <altitudeMode>absolute</altitudeMode>
        <coordinates>-58.42178206084046,-34.55574404722894,5.486400000000001</coordinates>
      </Point>
    </Placemark>
    <Placemark>
      <name></name>
      <Point>
        <extrude>1</extrude>
        <altitudeMode>absolute</altitudeMode>
        <coordinates>-58.421433010200815,-34.55593794676282,5.486400000000001</coordinates>
      </Point>
    </Placemark>
    <Placemark>
      <name></name>
      <Point>
        <extrude>1</extrude>
        <altitudeMode>absolute</altitudeMode>
        <coordinates>-58.42106650613243,-34.55614154124722,5.486400000000001</coordinates>
      </Point>
    </Placemark>
    <Placemark>
      <name></name>
      <Point>
        <extrude>1</extrude>
        <altitudeMode>absolute</altitudeMode>
        <coordinates>-58.42068254850511,-34.556354830679666,5.486400000000001</coordinates>
      </Point>
    </Placemark>
    <Placemark>
      <name></name>
      <Point>
        <extrude>1</extrude>
        <altitudeMode>absolute</altitudeMode>
        <coordinates>-58.420281137182585,-34.55657781505764,5.486400000000001</coordinates>
      </Point>
    </Placemark>
    <Placemark>
      <name></name>
      <Point>
        <extrude>1</extrude>
        <altitudeMode>absolute</altitudeMode>
        <coordinates>-58.41986227202247,-34.55681049437867,5.486400000000001</coordinates>
      </Point>
    </Placemark>
    <Placemark>
      <name></name>
      <Point>
        <extrude>1</extrude>
        <altitudeMode>absolute</altitudeMode>
        <coordinates>-58.41942595287631,-34.55705286864024,5.486400000000001</coordinates>
      </Point>
    </Placemark>
    <Placemark>
      <name></name>
      <Point>
        <extrude>1</extrude>
        <altitudeMode>absolute</altitudeMode>
        <coordinates>-58.41897217958953,-34.55730493783988,5.486400000000001</coordinates>
      </Point>
    </Placemark>
    <Placemark>
      <name></name>
      <Point>
        <extrude>1</extrude>
        <altitudeMode>absolute</altitudeMode>
        <coordinates>-58.41850095200141,-34.557566701975084,5.486400000000001</coordinates>
      </Point>
    </Placemark>
    <Placemark>
      <name></name>
      <Point>
        <extrude>1</extrude>
        <altitudeMode>absolute</altitudeMode>
        <coordinates>-58.41801226994518,-34.557838161043364,5.486400000000001</coordinates>
      </Point>
    </Placemark>
    <Placemark>
      <name></name>
      <Point>
        <extrude>1</extrude>
        <altitudeMode>absolute</altitudeMode>
        <coordinates>-58.417506133247926,-34.55811931504223,5.486400000000001</coordinates>
      </Point>
    </Placemark>
    <Placemark>
      <name></name>
      <Point>
        <extrude>1</extrude>
        <altitudeMode>absolute</altitudeMode>
        <coordinates>-58.41698254173065,-34.558410163969185,5.486400000000001</coordinates>
      </Point>
    </Placemark>
    <Placemark>
      <name></name>
      <Point>
        <extrude>1</extrude>
        <altitudeMode>absolute</altitudeMode>
        <coordinates>-58.41644149520822,-34.55871070782174,5.486400000000001</coordinates>
      </Point>
    </Placemark>
    <Placemark>
      <name></name>
      <Point>
        <extrude>1</extrude>
        <altitudeMode>absolute</altitudeMode>
        <coordinates>-58.41588299348939,-34.559020946597386,5.486400000000001</coordinates>
      </Point>
    </Placemark>
    <Placemark>
      <name></name>
      <Point>
        <extrude>1</extrude>
        <altitudeMode>absolute</altitudeMode>
        <coordinates>-58.41530703637687,-34.559340880293625,5.486400000000001</coordinates>
      </Point>
    </Placemark>
    <Placemark>
      <name></name>
      <Point>
        <extrude>1</extrude>
        <altitudeMode>absolute</altitudeMode>
        <coordinates>-58.4147136236672,-34.55967050890798,5.486400000000001</coordinates>
      </Point>
    </Placemark>
    <Placemark>
      <name></name>
      <Point>
        <extrude>1</extrude>
        <altitudeMode>absolute</altitudeMode>
        <coordinates>-58.41410275515082,-34.560009832437956,5.486400000000001</coordinates>
      </Point>
    </Placemark>
    <Placemark>
      <name></name>
      <Point>
        <extrude>1</extrude>
        <altitudeMode>absolute</altitudeMode>
        <coordinates>-58.41347443061207,-34.56035885088106,5.486400000000001</coordinates>
      </Point>
    </Placemark>
    <Placemark>
      <name></name>
      <Point>
        <extrude>1</extrude>
        <altitudeMode>absolute</altitudeMode>
        <coordinates>-58.412828649829194,-34.56071756423478,5.486400000000001</coordinates>
      </Point>
    </Placemark>
    <Placemark>
      <name></name>
      <Point>
        <extrude>1</extrude>
        <altitudeMode>absolute</altitudeMode>
        <coordinates>-58.412165412574296,-34.561085972496635,5.486400000000001</coordinates>
      </Point>
    </Placemark>
    <Placemark>
      <name></name>
      <Point>
        <extrude>1</extrude>
        <altitudeMode>absolute</altitudeMode>
        <coordinates>-58.411484718613394,-34.56146407566413,5.486400000000001</coordinates>
      </Point>
    </Placemark>
    <Placemark>
      <name></name>
      <Point>
        <extrude>1</extrude>
        <altitudeMode>absolute</altitudeMode>
        <coordinates>-58.41078656770637,-34.56185187373475,5.486400000000001</coordinates>
      </Point>
    </Placemark>
    <Placemark>
      <name></name>
      <Point>
        <extrude>1</extrude>
        <altitudeMode>absolute</altitudeMode>
        <coordinates>-58.41007095960701,-34.56224936670602,5.486400000000001</coordinates>
      </Point>
    </Placemark>
    <Placemark>
      <name></name>
      <Point>
        <extrude>1</extrude>
        <altitudeMode>absolute</altitudeMode>
        <coordinates>-58.409337894062986,-34.56265655457543,5.486400000000001</coordinates>
      </Point>
    </Placemark>
    <Placemark>
      <name></name>
      <Point>
        <extrude>1</extrude>
        <altitudeMode>absolute</altitudeMode>
        <coordinates>-58.40858737081585,-34.5630734373405,5.486400000000001</coordinates>
      </Point>
    </Placemark>
    <Placemark>
      <name></name>
      <Point>
        <extrude>1</extrude>
        <altitudeMode>absolute</altitudeMode>
        <coordinates>-58.40781938960103,-34.563500014998716,5.486400000000001</coordinates>
      </Point>
    </Placemark>
    <Placemark>
      <name>takeOff-1997.5-meters</name>
      <Point>
        <extrude>1</extrude>
        <altitudeMode>absolute</altitudeMode>
        <coordinates>-58.40703395014785,-34.563936287547605,5.486400000000001</coordinates>
      </Point>
    </Placemark>
    <Placemark>
      <name>climbRamp-13</name>
      <Point>
        <extrude>1</extrude>
        <altitudeMode>absolute</altitudeMode>
        <coordinates>-58.40625248924704,-34.56437034795573,18.0764</coordinates>
      </Point>
    </Placemark>
    <Placemark>
      <name></name>
      <Point>
        <extrude>1</extrude>
        <altitudeMode>absolute</altitudeMode>
        <coordinates>-58.405471024268905,-34.56480440836306,25.7064</coordinates>
      </Point>
    </Placemark>
    <Placemark>
      <name></name>
      <Point>
        <extrude>1</extrude>
        <altitudeMode>absolute</altitudeMode>
        <coordinates>-58.40468927442899,-34.56523862472721,33.3364</coordinates>
      </Point>
    </Placemark>
    <Placemark>
      <name></name>
      <Point>
        <extrude>1</extrude>
        <altitudeMode>absolute</altitudeMode>
        <coordinates>-58.403907239578444,-34.56567299712836,40.96639999999999</coordinates>
      </Point>
    </Placemark>
    <Placemark>
      <name></name>
      <Point>
        <extrude>1</extrude>
        <altitudeMode>absolute</altitudeMode>
        <coordinates>-58.40312491956834,-34.566107525646736,48.59639999999999</coordinates>
      </Point>
    </Placemark>
    <Placemark>
      <name></name>
      <Point>
        <extrude>1</extrude>
        <altitudeMode>absolute</altitudeMode>
        <coordinates>-58.402342314249665,-34.566542210362606,56.226399999999984</coordinates>
      </Point>
    </Placemark>
    <Placemark>
      <name></name>
      <Point>
        <extrude>1</extrude>
        <altitudeMode>absolute</altitudeMode>
        <coordinates>-58.40155942347326,-34.56697705135632,63.85639999999998</coordinates>
      </Point>
    </Placemark>
    <Placemark>
      <name></name>
      <Point>
        <extrude>1</extrude>
        <altitudeMode>absolute</altitudeMode>
        <coordinates>-58.40077624708991,-34.567412048708256,71.48639999999997</coordinates>
      </Point>
    </Placemark>
    <Placemark>
      <name></name>
      <Point>
        <extrude>1</extrude>
        <altitudeMode>absolute</altitudeMode>
        <coordinates>-58.39999278495026,-34.56784720249883,79.11639999999997</coordinates>
      </Point>
    </Placemark>
    <Placemark>
      <name></name>
      <Point>
        <extrude>1</extrude>
        <altitudeMode>absolute</altitudeMode>
        <coordinates>-58.39920903690489,-34.568282512808565,86.74639999999997</coordinates>
      </Point>
    </Placemark>
    <Placemark>
      <name></name>
      <Point>
        <extrude>1</extrude>
        <altitudeMode>absolute</altitudeMode>
        <coordinates>-58.398425002804316,-34.56871797971798,94.37639999999996</coordinates>
      </Point>
    </Placemark>
    <Placemark>
      <name></name>
      <Point>
        <extrude>1</extrude>
        <altitudeMode>absolute</altitudeMode>
        <coordinates>-58.39764068249892,-34.56915360330767,102.00639999999996</coordinates>
      </Point>
    </Placemark>
    <Placemark>
      <name></name>
      <Point>
        <extrude>1</extrude>
        <altitudeMode>absolute</altitudeMode>
        <coordinates>-58.39685607583891,-34.56958938365828,109.63639999999995</coordinates>
      </Point>
    </Placemark>
    <Placemark>
      <name></name>
      <Point>
        <extrude>1</extrude>
        <altitudeMode>absolute</altitudeMode>
        <coordinates>-58.39607118267452,-34.57002532085051,117.26639999999995</coordinates>
      </Point>
    </Placemark>
    <Placemark>
      <name></name>
      <Point>
        <extrude>1</extrude>
        <altitudeMode>absolute</altitudeMode>
        <coordinates>-58.3952860028558,-34.57046141496509,124.89639999999994</coordinates>
      </Point>
    </Placemark>
    <Placemark>
      <name></name>
      <Point>
        <extrude>1</extrude>
        <altitudeMode>absolute</altitudeMode>
        <coordinates>-58.394500536232755,-34.57089766608283,132.52639999999994</coordinates>
      </Point>
    </Placemark>
    <Placemark>
      <name></name>
      <Point>
        <extrude>1</extrude>
        <altitudeMode>absolute</altitudeMode>
        <coordinates>-58.39371478265528,-34.57133407428457,140.15639999999993</coordinates>
      </Point>
    </Placemark>
    <Placemark>
      <name></name>
      <Point>
        <extrude>1</extrude>
        <altitudeMode>absolute</altitudeMode>
        <coordinates>-58.39292874197314,-34.57177063965125,147.78639999999993</coordinates>
      </Point>
    </Placemark>
    <Placemark>
      <name></name>
      <Point>
        <extrude>1</extrude>
        <altitudeMode>absolute</altitudeMode>
        <coordinates>-58.392142414036016,-34.57220736226378,155.41639999999992</coordinates>
      </Point>
    </Placemark>
    <Placemark>
      <name></name>
      <Point>
        <extrude>1</extrude>
        <altitudeMode>absolute</altitudeMode>
        <coordinates>-58.39135579869351,-34.572644242203204,163.04639999999992</coordinates>
      </Point>
    </Placemark>
    <Placemark>
      <name></name>
      <Point>
        <extrude>1</extrude>
        <altitudeMode>absolute</altitudeMode>
        <coordinates>-58.39056889579513,-34.57308127955057,170.67639999999992</coordinates>
      </Point>
    </Placemark>
    <Placemark>
      <name></name>
      <Point>
        <extrude>1</extrude>
        <altitudeMode>absolute</altitudeMode>
        <coordinates>-58.38978170519019,-34.57351847438699,178.3063999999999</coordinates>
      </Point>
    </Placemark>
    <Placemark>
      <name></name>
      <Point>
        <extrude>1</extrude>
        <altitudeMode>absolute</altitudeMode>
        <coordinates>-58.38899422672807,-34.57395582679363,185.9363999999999</coordinates>
      </Point>
    </Placemark>
    <Placemark>
      <name></name>
      <Point>
        <extrude>1</extrude>
        <altitudeMode>absolute</altitudeMode>
        <coordinates>-58.38820646025792,-34.574393336851706,193.5663999999999</coordinates>
      </Point>
    </Placemark>
    <Placemark>
      <name></name>
      <Point>
        <extrude>1</extrude>
        <altitudeMode>absolute</altitudeMode>
        <coordinates>-58.38741840562881,-34.57483100464248,201.1963999999999</coordinates>
      </Point>
    </Placemark>
    <Placemark>
      <name></name>
      <Point>
        <extrude>1</extrude>
        <altitudeMode>absolute</altitudeMode>
        <coordinates>-58.38663006268979,-34.5752688302473,208.8263999999999</coordinates>
      </Point>
    </Placemark>
    <Placemark>
      <name></name>
      <Point>
        <extrude>1</extrude>
        <altitudeMode>absolute</altitudeMode>
        <coordinates>-58.38584143128972,-34.57570681374753,216.4563999999999</coordinates>
      </Point>
    </Placemark>
    <Placemark>
      <name></name>
      <Point>
        <extrude>1</extrude>
        <altitudeMode>absolute</altitudeMode>
        <coordinates>-58.38505251127738,-34.57614495522458,224.08639999999988</coordinates>
      </Point>
    </Placemark>
    <Placemark>
      <name></name>
      <Point>
        <extrude>1</extrude>
        <altitudeMode>absolute</altitudeMode>
        <coordinates>-58.38426330250148,-34.57658325475996,231.71639999999988</coordinates>
      </Point>
    </Placemark>
    <Placemark>
      <name></name>
      <Point>
        <extrude>1</extrude>
        <altitudeMode>absolute</altitudeMode>
        <coordinates>-58.383473804810606,-34.57702171243519,239.34639999999987</coordinates>
      </Point>
    </Placemark>
    <Placemark>
      <name></name>
      <Point>
        <extrude>1</extrude>
        <altitudeMode>absolute</altitudeMode>
        <coordinates>-58.382684018053254,-34.57746032833185,246.97639999999987</coordinates>
      </Point>
    </Placemark>
    <Placemark>
      <name></name>
      <Point>
        <extrude>1</extrude>
        <altitudeMode>absolute</altitudeMode>
        <coordinates>-58.381893942077824,-34.57789910253159,254.60639999999987</coordinates>
      </Point>
    </Placemark>
    <Placemark>
      <name></name>
      <Point>
        <extrude>1</extrude>
        <altitudeMode>absolute</altitudeMode>
        <coordinates>-58.38110357673261,-34.5783380351161,262.2363999999999</coordinates>
      </Point>
    </Placemark>
    <Placemark>
      <name></name>
      <Point>
        <extrude>1</extrude>
        <altitudeMode>absolute</altitudeMode>
        <coordinates>-58.380312921865794,-34.57877712616711,269.8663999999999</coordinates>
      </Point>
    </Placemark>
    <Placemark>
      <name></name>
      <Point>
        <extrude>1</extrude>
        <altitudeMode>absolute</altitudeMode>
        <coordinates>-58.37952197732547,-34.579216375766435,277.4963999999999</coordinates>
      </Point>
    </Placemark>
    <Placemark>
      <name></name>
      <Point>
        <extrude>1</extrude>
        <altitudeMode>absolute</altitudeMode>
        <coordinates>-58.37873074295966,-34.579655783995925,285.1263999999999</coordinates>
      </Point>
    </Placemark>
    <Placemark>
      <name></name>
      <Point>
        <extrude>1</extrude>
        <altitudeMode>absolute</altitudeMode>
        <coordinates>-58.377939218616206,-34.58009535093746,292.75639999999987</coordinates>
      </Point>
    </Placemark>
    <Placemark>
      <name></name>
      <Point>
        <extrude>1</extrude>
        <altitudeMode>absolute</altitudeMode>
        <coordinates>-58.37714740414293,-34.58053507667302,300.38639999999987</coordinates>
      </Point>
    </Placemark>
    <Placemark>
      <name></name>
      <Point>
        <extrude>1</extrude>
        <altitudeMode>absolute</altitudeMode>
        <coordinates>-58.37635529938754,-34.58097496128461,308.01639999999986</coordinates>
      </Point>
    </Placemark>
    <Placemark>
      <name></name>
      <Point>
        <extrude>1</extrude>
        <altitudeMode>absolute</altitudeMode>
        <coordinates>-58.375562904197636,-34.58141500485427,315.64639999999986</coordinates>
      </Point>
    </Placemark>
    <Placemark>
      <name></name>
      <Point>
        <extrude>1</extrude>
        <altitudeMode>absolute</altitudeMode>
        <coordinates>-58.374770218420664,-34.581855207464145,323.27639999999985</coordinates>
      </Point>
    </Placemark>
    <Placemark>
      <name></name>
      <Point>
        <extrude>1</extrude>
        <altitudeMode>absolute</altitudeMode>
        <coordinates>-58.37397724190404,-34.5822955691964,330.90639999999985</coordinates>
      </Point>
    </Placemark>
    <Placemark>
      <name></name>
      <Point>
        <extrude>1</extrude>
        <altitudeMode>absolute</altitudeMode>
        <coordinates>-58.37318397449505,-34.58273609013323,338.53639999999984</coordinates>
      </Point>
    </Placemark>
    <Placemark>
      <name></name>
      <Point>
        <extrude>1</extrude>
        <altitudeMode>absolute</altitudeMode>
        <coordinates>-58.3723904160409,-34.583176770356935,346.16639999999984</coordinates>
      </Point>
    </Placemark>
    <Placemark>
      <name></name>
      <Point>
        <extrude>1</extrude>
        <altitudeMode>absolute</altitudeMode>
        <coordinates>-58.37159656638869,-34.58361760994983,353.79639999999984</coordinates>
      </Point>
    </Placemark>
    <Placemark>
      <name></name>
      <Point>
        <extrude>1</extrude>
        <altitudeMode>absolute</altitudeMode>
        <coordinates>-58.370802425385335,-34.584058608994305,361.42639999999983</coordinates>
      </Point>
    </Placemark>
    <Placemark>
      <name></name>
      <Point>
        <extrude>1</extrude>
        <altitudeMode>absolute</altitudeMode>
        <coordinates>-58.37000799287779,-34.5844997675728,369.0563999999998</coordinates>
      </Point>
    </Placemark>
    <Placemark>
      <name></name>
      <Point>
        <extrude>1</extrude>
        <altitudeMode>absolute</altitudeMode>
        <coordinates>-58.3692132687128,-34.58494108576778,376.6863999999998</coordinates>
      </Point>
    </Placemark>
    <Placemark>
      <name></name>
      <Point>
        <extrude>1</extrude>
        <altitudeMode>absolute</altitudeMode>
        <coordinates>-58.36841825273709,-34.5853825636618,384.3163999999998</coordinates>
      </Point>
    </Placemark>
    <Placemark>
      <name></name>
      <Point>
        <extrude>1</extrude>
        <altitudeMode>absolute</altitudeMode>
        <coordinates>-58.36762294479725,-34.58582420133746,391.9463999999998</coordinates>
      </Point>
    </Placemark>
    <Placemark>
      <name></name>
      <Point>
        <extrude>1</extrude>
        <altitudeMode>absolute</altitudeMode>
        <coordinates>-58.36682734473972,-34.586265998877394,399.5763999999998</coordinates>
      </Point>
    </Placemark>
    <Placemark>
      <name></name>
      <Point>
        <extrude>1</extrude>
        <altitudeMode>absolute</altitudeMode>
        <coordinates>-58.36603145241088,-34.58670795636431,407.2063999999998</coordinates>
      </Point>
    </Placemark>
    <Placemark>
      <name></name>
      <Point>
        <extrude>1</extrude>
        <altitudeMode>absolute</altitudeMode>
        <coordinates>-58.36523526765703,-34.58715007388096,414.8363999999998</coordinates>
      </Point>
    </Placemark>
    <Placemark>
      <name></name>
      <Point>
        <extrude>1</extrude>
        <altitudeMode>absolute</altitudeMode>
        <coordinates>-58.36443879032436,-34.58759235151017,422.4663999999998</coordinates>
      </Point>
    </Placemark>
    <Placemark>
      <name></name>
      <Point>
        <extrude>1</extrude>
        <altitudeMode>absolute</altitudeMode>
        <coordinates>-58.36364202025892,-34.588034789334785,430.0963999999998</coordinates>
      </Point>
    </Placemark>
    <Placemark>
      <name></name>
      <Point>
        <extrude>1</extrude>
        <altitudeMode>absolute</altitudeMode>
        <coordinates>-58.36284495730669,-34.58847738743772,437.7263999999998</coordinates>
      </Point>
    </Placemark>
    <Placemark>
      <name></name>
      <Point>
        <extrude>1</extrude>
        <altitudeMode>absolute</altitudeMode>
        <coordinates>-58.36204760131355,-34.58892014590196,445.3563999999998</coordinates>
      </Point>
    </Placemark>
    <Placemark>
      <name></name>
      <Point>
        <extrude>1</extrude>
        <altitudeMode>absolute</altitudeMode>
        <coordinates>-58.36124995212526,-34.58936306481052,452.9863999999998</coordinates>
      </Point>
    </Placemark>
    <Placemark>
      <name></name>
      <Point>
        <extrude>1</extrude>
        <altitudeMode>absolute</altitudeMode>
        <coordinates>-58.360452009587505,-34.58980614424646,460.61639999999977</coordinates>
      </Point>
    </Placemark>
    <Placemark>
      <name></name>
      <Point>
        <extrude>1</extrude>
        <altitudeMode>absolute</altitudeMode>
        <coordinates>-58.359653773545844,-34.590249384292925,468.24639999999977</coordinates>
      </Point>
    </Placemark>
    <Placemark>
      <name></name>
      <Point>
        <extrude>1</extrude>
        <altitudeMode>absolute</altitudeMode>
        <coordinates>-58.35885524384574,-34.59069278503311,475.87639999999976</coordinates>
      </Point>
    </Placemark>
    <Placemark>
      <name></name>
      <Point>
        <extrude>1</extrude>
        <altitudeMode>absolute</altitudeMode>
        <coordinates>-58.358056420332545,-34.59113634655025,483.50639999999976</coordinates>
      </Point>
    </Placemark>
    <Placemark>
      <name></name>
      <Point>
        <extrude>1</extrude>
        <altitudeMode>absolute</altitudeMode>
        <coordinates>-58.35725730285155,-34.59158006892762,491.13639999999975</coordinates>
      </Point>
    </Placemark>
    <Placemark>
      <name></name>
      <Point>
        <extrude>1</extrude>
        <altitudeMode>absolute</altitudeMode>
        <coordinates>-58.3564578912479,-34.59202395224858,498.76639999999975</coordinates>
      </Point>
    </Placemark>
    <Placemark>
      <name></name>
      <Point>
        <extrude>1</extrude>
        <altitudeMode>absolute</altitudeMode>
        <coordinates>-58.355658185366636,-34.59246799659653,506.39639999999974</coordinates>
      </Point>
    </Placemark>
    <Placemark>
      <name></name>
      <Point>
        <extrude>1</extrude>
        <altitudeMode>absolute</altitudeMode>
        <coordinates>-58.35485818505272,-34.592912202054926,514.0263999999997</coordinates>
      </Point>
    </Placemark>
    <Placemark>
      <name></name>
      <Point>
        <extrude>1</extrude>
        <altitudeMode>absolute</altitudeMode>
        <coordinates>-58.35405789015098,-34.59335656870727,521.6563999999997</coordinates>
      </Point>
    </Placemark>
    <Placemark>
      <name></name>
      <Point>
        <extrude>1</extrude>
        <altitudeMode>absolute</altitudeMode>
        <coordinates>-58.3532573005062,-34.59380109663712,529.2863999999997</coordinates>
      </Point>
    </Placemark>
    <Placemark>
      <name></name>
      <Point>
        <extrude>1</extrude>
        <altitudeMode>absolute</altitudeMode>
        <coordinates>-58.35245641596299,-34.59424578592811,536.9163999999997</coordinates>
      </Point>
    </Placemark>
    <Placemark>
      <name></name>
      <Point>
        <extrude>1</extrude>
        <altitudeMode>absolute</altitudeMode>
        <coordinates>-58.35165523636593,-34.594690636663906,544.5463999999997</coordinates>
      </Point>
    </Placemark>
    <Placemark>
      <name></name>
      <Point>
        <extrude>1</extrude>
        <altitudeMode>absolute</altitudeMode>
        <coordinates>-58.35085376155946,-34.59513564892823,552.1763999999997</coordinates>
      </Point>
    </Placemark>
    <Placemark>
      <name></name>
      <Point>
        <extrude>1</extrude>
        <altitudeMode>absolute</altitudeMode>
        <coordinates>-58.350051991387915,-34.59558082280486,559.8063999999997</coordinates>
      </Point>
    </Placemark>
    <Placemark>
      <name></name>
      <Point>
        <extrude>1</extrude>
        <altitudeMode>absolute</altitudeMode>
        <coordinates>-58.34924992569549,-34.59602615837764,567.4363999999997</coordinates>
      </Point>
    </Placemark>
    <Placemark>
      <name></name>
      <Point>
        <extrude>1</extrude>
        <altitudeMode>absolute</altitudeMode>
        <coordinates>-58.34844756432635,-34.59647165573045,575.0663999999997</coordinates>
      </Point>
    </Placemark>
    <Placemark>
      <name></name>
      <Point>
        <extrude>1</extrude>
        <altitudeMode>absolute</altitudeMode>
        <coordinates>-58.347644907124504,-34.59691731494723,582.6963999999997</coordinates>
      </Point>
    </Placemark>
    <Placemark>
      <name></name>
      <Point>
        <extrude>1</extrude>
        <altitudeMode>absolute</altitudeMode>
        <coordinates>-58.346841953933875,-34.59736313611199,590.3263999999997</coordinates>
      </Point>
    </Placemark>
    <Placemark>
      <name></name>
      <Point>
        <extrude>1</extrude>
        <altitudeMode>absolute</altitudeMode>
        <coordinates>-58.34603870459833,-34.597809119308764,597.9563999999997</coordinates>
      </Point>
    </Placemark>
    <Placemark>
      <name></name>
      <Point>
        <extrude>1</extrude>
        <altitudeMode>absolute</altitudeMode>
        <coordinates>-58.345235158961515,-34.598255264621656,605.5863999999997</coordinates>
      </Point>
    </Placemark>
    <Placemark>
      <name></name>
      <Point>
        <extrude>1</extrude>
        <altitudeMode>absolute</altitudeMode>
        <coordinates>-58.344431316867116,-34.59870157213486,613.2163999999997</coordinates>
      </Point>
    </Placemark>
    <Placemark>
      <name></name>
      <Point>
        <extrude>1</extrude>
        <altitudeMode>absolute</altitudeMode>
        <coordinates>-58.343627178158584,-34.59914804193255,620.8463999999997</coordinates>
      </Point>
    </Placemark>
    <Placemark>
      <name></name>
      <Point>
        <extrude>1</extrude>
        <altitudeMode>absolute</altitudeMode>
        <coordinates>-58.34282274267936,-34.599594674099016,628.4763999999997</coordinates>
      </Point>
    </Placemark>
    <Placemark>
      <name></name>
      <Point>
        <extrude>1</extrude>
        <altitudeMode>absolute</altitudeMode>
        <coordinates>-58.34201801027277,-34.600041468718594,636.1063999999997</coordinates>
      </Point>
    </Placemark>
    <Placemark>
      <name></name>
      <Point>
        <extrude>1</extrude>
        <altitudeMode>absolute</altitudeMode>
        <coordinates>-58.34121298078196,-34.60048842587564,643.7363999999997</coordinates>
      </Point>
    </Placemark>
    <Placemark>
      <name></name>
      <Point>
        <extrude>1</extrude>
        <altitudeMode>absolute</altitudeMode>
        <coordinates>-58.34040765405007,-34.600935545654615,651.3663999999997</coordinates>
      </Point>
    </Placemark>
    <Placemark>
      <name></name>
      <Point>
        <extrude>1</extrude>
        <altitudeMode>absolute</altitudeMode>
        <coordinates>-58.33960202992006,-34.60138282813999,658.9963999999997</coordinates>
      </Point>
    </Placemark>
    <Placemark>
      <name></name>
      <Point>
        <extrude>1</extrude>
        <altitudeMode>absolute</altitudeMode>
        <coordinates>-58.338796108234845,-34.60183027341631,666.6263999999996</coordinates>
      </Point>
    </Placemark>
    <Placemark>
      <name></name>
      <Point>
        <extrude>1</extrude>
        <altitudeMode>absolute</altitudeMode>
        <coordinates>-58.33798988883717,-34.60227788156817,674.2563999999996</coordinates>
      </Point>
    </Placemark>
    <Placemark>
      <name></name>
      <Point>
        <extrude>1</extrude>
        <altitudeMode>absolute</altitudeMode>
        <coordinates>-58.337183371569765,-34.602725652680235,681.8863999999996</coordinates>
      </Point>
    </Placemark>
    <Placemark>
      <name></name>
      <Point>
        <extrude>1</extrude>
        <altitudeMode>absolute</altitudeMode>
        <coordinates>-58.336376556275155,-34.6031735868372,689.5163999999996</coordinates>
      </Point>
    </Placemark>
    <Placemark>
      <name></name>
      <Point>
        <extrude>1</extrude>
        <altitudeMode>absolute</altitudeMode>
        <coordinates>-58.335569442795844,-34.60362168412385,697.1463999999996</coordinates>
      </Point>
    </Placemark>
    <Placemark>
      <name></name>
      <Point>
        <extrude>1</extrude>
        <altitudeMode>absolute</altitudeMode>
        <coordinates>-58.33476203097422,-34.604069944624996,704.7763999999996</coordinates>
      </Point>
    </Placemark>
    <Placemark>
      <name></name>
      <Point>
        <extrude>1</extrude>
        <altitudeMode>absolute</altitudeMode>
        <coordinates>-58.33395432065248,-34.604518368425495,712.4063999999996</coordinates>
      </Point>
    </Placemark>
    <Placemark>
      <name></name>
      <Point>
        <extrude>1</extrude>
        <altitudeMode>absolute</altitudeMode>
        <coordinates>-58.333146311672834,-34.60496695561029,720.0363999999996</coordinates>
      </Point>
    </Placemark>
    <Placemark>
      <name></name>
      <Point>
        <extrude>1</extrude>
        <altitudeMode>absolute</altitudeMode>
        <coordinates>-58.33233800387731,-34.60541570626437,727.6663999999996</coordinates>
      </Point>
    </Placemark>
    <Placemark>
      <name>climbRamp-4.5 nm</name>
      <Point>
        <extrude>1</extrude>
        <altitudeMode>absolute</altitudeMode>
        <coordinates>-58.33152939710787,-34.60586462047276,735.2963999999996</coordinates>
      </Point>
    </Placemark>
    <Placemark>
      <name>turn-122.3-deg</name>
      <Point>
        <extrude>1</extrude>
        <altitudeMode>absolute</altitudeMode>
        <coordinates>-58.33070486866859,-34.606294019198664,742.9263999999996</coordinates>
      </Point>
    </Placemark>
    <Placemark>
      <name></name>
      <Point>
        <extrude>1</extrude>
        <altitudeMode>absolute</altitudeMode>
        <coordinates>-58.32989494064697,-34.606742377225146,750.5563999999996</coordinates>
      </Point>
    </Placemark>
    <Placemark>
      <name></name>
      <Point>
        <extrude>1</extrude>
        <altitudeMode>absolute</altitudeMode>
        <coordinates>-58.32908470854291,-34.60719089338532,758.1863999999996</coordinates>
      </Point>
    </Placemark>
    <Placemark>
      <name></name>
      <Point>
        <extrude>1</extrude>
        <altitudeMode>absolute</altitudeMode>
        <coordinates>-58.32827417219295,-34.6076395677583,765.8163999999996</coordinates>
      </Point>
    </Placemark>
    <Placemark>
      <name></name>
      <Point>
        <extrude>1</extrude>
        <altitudeMode>absolute</altitudeMode>
        <coordinates>-58.327463331433556,-34.6080884004232,773.4463999999996</coordinates>
      </Point>
    </Placemark>
    <Placemark>
      <name></name>
      <Point>
        <extrude>1</extrude>
        <altitudeMode>absolute</altitudeMode>
        <coordinates>-58.32665218610109,-34.6085373914592,781.0763999999996</coordinates>
      </Point>
    </Placemark>
    <Placemark>
      <name></name>
      <Point>
        <extrude>1</extrude>
        <altitudeMode>absolute</altitudeMode>
        <coordinates>-58.3258407360318,-34.60898654094556,788.7063999999996</coordinates>
      </Point>
    </Placemark>
    <Placemark>
      <name></name>
      <Point>
        <extrude>1</extrude>
        <altitudeMode>absolute</altitudeMode>
        <coordinates>-58.32502898106178,-34.60943584896155,796.3363999999996</coordinates>
      </Point>
    </Placemark>
    <Placemark>
      <name></name>
      <Point>
        <extrude>1</extrude>
        <altitudeMode>absolute</altitudeMode>
        <coordinates>-58.32421692102709,-34.609885315586496,803.9663999999996</coordinates>
      </Point>
    </Placemark>
    <Placemark>
      <name></name>
      <Point>
        <extrude>1</extrude>
        <altitudeMode>absolute</altitudeMode>
        <coordinates>-58.323404555763595,-34.610334940899776,811.5963999999996</coordinates>
      </Point>
    </Placemark>
    <Placemark>
      <name></name>
      <Point>
        <extrude>1</extrude>
        <altitudeMode>absolute</altitudeMode>
        <coordinates>-58.32259188510712,-34.61078472498084,819.2263999999996</coordinates>
      </Point>
    </Placemark>
    <Placemark>
      <name></name>
      <Point>
        <extrude>1</extrude>
        <altitudeMode>absolute</altitudeMode>
        <coordinates>-58.32177890889335,-34.61123466790913,826.8563999999996</coordinates>
      </Point>
    </Placemark>
    <Placemark>
      <name></name>
      <Point>
        <extrude>1</extrude>
        <altitudeMode>absolute</altitudeMode>
        <coordinates>-58.32096562695786,-34.61168476976422,834.4863999999995</coordinates>
      </Point>
    </Placemark>
    <Placemark>
      <name></name>
      <Point>
        <extrude>1</extrude>
        <altitudeMode>absolute</altitudeMode>
        <coordinates>-58.320152039136104,-34.612135030625645,842.1163999999995</coordinates>
      </Point>
    </Placemark>
    <Placemark>
      <name></name>
      <Point>
        <extrude>1</extrude>
        <altitudeMode>absolute</altitudeMode>
        <coordinates>-58.31933814526344,-34.61258545057305,849.7463999999995</coordinates>
      </Point>
    </Placemark>
    <Placemark>
      <name></name>
      <Point>
        <extrude>1</extrude>
        <altitudeMode>absolute</altitudeMode>
        <coordinates>-58.31852394517509,-34.61303602968611,857.3763999999995</coordinates>
      </Point>
    </Placemark>
    <Placemark>
      <name></name>
      <Point>
        <extrude>1</extrude>
        <altitudeMode>absolute</altitudeMode>
        <coordinates>-58.31770943870622,-34.61348676804453,865.0063999999995</coordinates>
      </Point>
    </Placemark>
    <Placemark>
      <name></name>
      <Point>
        <extrude>1</extrude>
        <altitudeMode>absolute</altitudeMode>
        <coordinates>-58.31689462569183,-34.613937665728116,872.6363999999995</coordinates>
      </Point>
    </Placemark>
    <Placemark>
      <name></name>
      <Point>
        <extrude>1</extrude>
        <altitudeMode>absolute</altitudeMode>
        <coordinates>-58.316079505966826,-34.61438872281666,880.2663999999995</coordinates>
      </Point>
    </Placemark>
    <Placemark>
      <name></name>
      <Point>
        <extrude>1</extrude>
        <altitudeMode>absolute</altitudeMode>
        <coordinates>-58.315264079365996,-34.614839939390045,887.8963999999995</coordinates>
      </Point>
    </Placemark>
    <Placemark>
      <name></name>
      <Point>
        <extrude>1</extrude>
        <altitudeMode>absolute</altitudeMode>
        <coordinates>-58.314448345724045,-34.615291315528204,895.5263999999995</coordinates>
      </Point>
    </Placemark>
    <Placemark>
      <name></name>
      <Point>
        <extrude>1</extrude>
        <altitudeMode>absolute</altitudeMode>
        <coordinates>-58.31363230487554,-34.61574285131108,903.1563999999995</coordinates>
      </Point>
    </Placemark>
    <Placemark>
      <name></name>
      <Point>
        <extrude>1</extrude>
        <altitudeMode>absolute</altitudeMode>
        <coordinates>-58.312815956654916,-34.616194546818704,910.7863999999995</coordinates>
      </Point>
    </Placemark>
    <Placemark>
      <name></name>
      <Point>
        <extrude>1</extrude>
        <altitudeMode>absolute</altitudeMode>
        <coordinates>-58.31199930089656,-34.61664640213117,918.4163999999995</coordinates>
      </Point>
    </Placemark>
    <Placemark>
      <name></name>
      <Point>
        <extrude>1</extrude>
        <altitudeMode>absolute</altitudeMode>
        <coordinates>-58.31118233743468,-34.61709841732855,926.0463999999995</coordinates>
      </Point>
    </Placemark>
    <Placemark>
      <name></name>
      <Point>
        <extrude>1</extrude>
        <altitudeMode>absolute</altitudeMode>
        <coordinates>-58.31036506610341,-34.61755059249104,933.6763999999995</coordinates>
      </Point>
    </Placemark>
    <Placemark>
      <name></name>
      <Point>
        <extrude>1</extrude>
        <altitudeMode>absolute</altitudeMode>
        <coordinates>-58.30954748673675,-34.61800292769886,941.3063999999995</coordinates>
      </Point>
    </Placemark>
    <Placemark>
      <name></name>
      <Point>
        <extrude>1</extrude>
        <altitudeMode>absolute</altitudeMode>
        <coordinates>-58.308729599168615,-34.61845542303227,948.9363999999995</coordinates>
      </Point>
    </Placemark>
    <Placemark>
      <name></name>
      <Point>
        <extrude>1</extrude>
        <altitudeMode>absolute</altitudeMode>
        <coordinates>-58.307911403232794,-34.61890807857157,956.5663999999995</coordinates>
      </Point>
    </Placemark>
    <Placemark>
      <name></name>
      <Point>
        <extrude>1</extrude>
        <altitudeMode>absolute</altitudeMode>
        <coordinates>-58.30709289876294,-34.61936089439715,964.1963999999995</coordinates>
      </Point>
    </Placemark>
    <Placemark>
      <name></name>
      <Point>
        <extrude>1</extrude>
        <altitudeMode>absolute</altitudeMode>
        <coordinates>-58.30627408559264,-34.61981387058942,971.8263999999995</coordinates>
      </Point>
    </Placemark>
    <Placemark>
      <name></name>
      <Point>
        <extrude>1</extrude>
        <altitudeMode>absolute</altitudeMode>
        <coordinates>-58.30545496355534,-34.62026700722884,979.4563999999995</coordinates>
      </Point>
    </Placemark>
    <Placemark>
      <name></name>
      <Point>
        <extrude>1</extrude>
        <altitudeMode>absolute</altitudeMode>
        <coordinates>-58.30463553248436,-34.62072030439592,987.0863999999995</coordinates>
      </Point>
    </Placemark>
    <Placemark>
      <name></name>
      <Point>
        <extrude>1</extrude>
        <altitudeMode>absolute</altitudeMode>
        <coordinates>-58.30381579221294,-34.621173762171225,994.7163999999995</coordinates>
      </Point>
    </Placemark>
    <Placemark>
      <name></name>
      <Point>
        <extrude>1</extrude>
        <altitudeMode>absolute</altitudeMode>
        <coordinates>-58.30299574257419,-34.62162738063539,1002.3463999999994</coordinates>
      </Point>
    </Placemark>
    <Placemark>
      <name></name>
      <Point>
        <extrude>1</extrude>
        <altitudeMode>absolute</altitudeMode>
        <coordinates>-58.30217538340109,-34.62208115986905,1009.9763999999994</coordinates>
      </Point>
    </Placemark>
    <Placemark>
      <name></name>
      <Point>
        <extrude>1</extrude>
        <altitudeMode>absolute</altitudeMode>
        <coordinates>-58.30135471452657,-34.62253509995293,1017.6063999999994</coordinates>
      </Point>
    </Placemark>
    <Placemark>
      <name></name>
      <Point>
        <extrude>1</extrude>
        <altitudeMode>absolute</altitudeMode>
        <coordinates>-58.30053373578335,-34.622989200967794,1025.2363999999995</coordinates>
      </Point>
    </Placemark>
    <Placemark>
      <name></name>
      <Point>
        <extrude>1</extrude>
        <altitudeMode>absolute</altitudeMode>
        <coordinates>-58.29971244700412,-34.623443462994466,1032.8663999999997</coordinates>
      </Point>
    </Placemark>
    <Placemark>
      <name></name>
      <Point>
        <extrude>1</extrude>
        <altitudeMode>absolute</altitudeMode>
        <coordinates>-58.298890848021394,-34.623897886113795,1040.4963999999998</coordinates>
      </Point>
    </Placemark>
    <Placemark>
      <name></name>
      <Point>
        <extrude>1</extrude>
        <altitudeMode>absolute</altitudeMode>
        <coordinates>-58.298068938667654,-34.6243524704067,1048.1263999999999</coordinates>
      </Point>
    </Placemark>
    <Placemark>
      <name></name>
      <Point>
        <extrude>1</extrude>
        <altitudeMode>absolute</altitudeMode>
        <coordinates>-58.297246718775185,-34.624807215954135,1055.7564</coordinates>
      </Point>
    </Placemark>
    <Placemark>
      <name></name>
      <Point>
        <extrude>1</extrude>
        <altitudeMode>absolute</altitudeMode>
        <coordinates>-58.29642418817619,-34.62526212283713,1063.3864</coordinates>
      </Point>
    </Placemark>
    <Placemark>
      <name></name>
      <Point>
        <extrude>1</extrude>
        <altitudeMode>absolute</altitudeMode>
        <coordinates>-58.295601346702774,-34.62571719113673,1071.0164000000002</coordinates>
      </Point>
    </Placemark>
    <Placemark>
      <name></name>
      <Point>
        <extrude>1</extrude>
        <altitudeMode>absolute</altitudeMode>
        <coordinates>-58.29477819418691,-34.62617242093407,1078.6464000000003</coordinates>
      </Point>
    </Placemark>
    <Placemark>
      <name></name>
      <Point>
        <extrude>1</extrude>
        <altitudeMode>absolute</altitudeMode>
        <coordinates>-58.29395473046046,-34.6266278123103,1086.2764000000004</coordinates>
      </Point>
    </Placemark>
    <Placemark>
      <name></name>
      <Point>
        <extrude>1</extrude>
        <altitudeMode>absolute</altitudeMode>
        <coordinates>-58.29313095535517,-34.62708336534663,1093.9064000000005</coordinates>
      </Point>
    </Placemark>
    <Placemark>
      <name></name>
      <Point>
        <extrude>1</extrude>
        <altitudeMode>absolute</altitudeMode>
        <coordinates>-58.292306868702696,-34.62753908012433,1101.5364000000006</coordinates>
      </Point>
    </Placemark>
    <Placemark>
      <name></name>
      <Point>
        <extrude>1</extrude>
        <altitudeMode>absolute</altitudeMode>
        <coordinates>-58.29148247033453,-34.62799495672472,1109.1664000000007</coordinates>
      </Point>
    </Placemark>
    <Placemark>
      <name></name>
      <Point>
        <extrude>1</extrude>
        <altitudeMode>absolute</altitudeMode>
        <coordinates>-58.290657760082105,-34.62845099522915,1116.7964000000009</coordinates>
      </Point>
    </Placemark>
    <Placemark>
      <name></name>
      <Point>
        <extrude>1</extrude>
        <altitudeMode>absolute</altitudeMode>
        <coordinates>-58.28983273777669,-34.62890719571905,1124.426400000001</coordinates>
      </Point>
    </Placemark>
    <Placemark>
      <name></name>
      <Point>
        <extrude>1</extrude>
        <altitudeMode>absolute</altitudeMode>
        <coordinates>-58.28900740324948,-34.62936355827587,1132.056400000001</coordinates>
      </Point>
    </Placemark>
    <Placemark>
      <name></name>
      <Point>
        <extrude>1</extrude>
        <altitudeMode>absolute</altitudeMode>
        <coordinates>-58.28818175633155,-34.62982008298114,1139.6864000000012</coordinates>
      </Point>
    </Placemark>
    <Placemark>
      <name></name>
      <Point>
        <extrude>1</extrude>
        <altitudeMode>absolute</altitudeMode>
        <coordinates>-58.28735579685383,-34.63027676991641,1147.3164000000013</coordinates>
      </Point>
    </Placemark>
    <Placemark>
      <name></name>
      <Point>
        <extrude>1</extrude>
        <altitudeMode>absolute</altitudeMode>
        <coordinates>-58.28652952464715,-34.63073361916331,1154.9464000000014</coordinates>
      </Point>
    </Placemark>
    <Placemark>
      <name></name>
      <Point>
        <extrude>1</extrude>
        <altitudeMode>absolute</altitudeMode>
        <coordinates>-58.28570293954227,-34.631190630803495,1162.5764000000015</coordinates>
      </Point>
    </Placemark>
    <Placemark>
      <name></name>
      <Point>
        <extrude>1</extrude>
        <altitudeMode>absolute</altitudeMode>
        <coordinates>-58.28487604136975,-34.63164780491869,1170.2064000000016</coordinates>
      </Point>
    </Placemark>
    <Placemark>
      <name></name>
      <Point>
        <extrude>1</extrude>
        <altitudeMode>absolute</altitudeMode>
        <coordinates>-58.2840488299601,-34.63210514159066,1177.8364000000017</coordinates>
      </Point>
    </Placemark>
    <Placemark>
      <name></name>
      <Point>
        <extrude>1</extrude>
        <altitudeMode>absolute</altitudeMode>
        <coordinates>-58.283221305143705,-34.63256264090122,1185.4664000000018</coordinates>
      </Point>
    </Placemark>
    <Placemark>
      <name></name>
      <Point>
        <extrude>1</extrude>
        <altitudeMode>absolute</altitudeMode>
        <coordinates>-58.2823934667508,-34.633020302932245,1193.096400000002</coordinates>
      </Point>
    </Placemark>
    <Placemark>
      <name></name>
      <Point>
        <extrude>1</extrude>
        <altitudeMode>absolute</altitudeMode>
        <coordinates>-58.281565314611555,-34.633478127765656,1200.726400000002</coordinates>
      </Point>
    </Placemark>
    <Placemark>
      <name></name>
      <Point>
        <extrude>1</extrude>
        <altitudeMode>absolute</altitudeMode>
        <coordinates>-58.280736848555996,-34.633936115483415,1208.3564000000022</coordinates>
      </Point>
    </Placemark>
    <Placemark>
      <name></name>
      <Point>
        <extrude>1</extrude>
        <altitudeMode>absolute</altitudeMode>
        <coordinates>-58.279908068414045,-34.63439426616754,1215.9864000000023</coordinates>
      </Point>
    </Placemark>
    <Placemark>
      <name></name>
      <Point>
        <extrude>1</extrude>
        <altitudeMode>absolute</altitudeMode>
        <coordinates>-58.279078974015476,-34.63485257990012,1223.6164000000024</coordinates>
      </Point>
    </Placemark>
    <Placemark>
      <name></name>
      <Point>
        <extrude>1</extrude>
        <altitudeMode>absolute</altitudeMode>
        <coordinates>-58.27824956518999,-34.63531105676326,1231.2464000000025</coordinates>
      </Point>
    </Placemark>
    <Placemark>
      <name></name>
      <Point>
        <extrude>1</extrude>
        <altitudeMode>absolute</altitudeMode>
        <coordinates>-58.277419841767156,-34.635769696839134,1238.8764000000026</coordinates>
      </Point>
    </Placemark>
    <Placemark>
      <name></name>
      <Point>
        <extrude>1</extrude>
        <altitudeMode>absolute</altitudeMode>
        <coordinates>-58.27658980357643,-34.63622850020995,1246.5064000000027</coordinates>
      </Point>
    </Placemark>
    <Placemark>
      <name></name>
      <Point>
        <extrude>1</extrude>
        <altitudeMode>absolute</altitudeMode>
        <coordinates>-58.27575945044714,-34.63668746695803,1254.1364000000028</coordinates>
      </Point>
    </Placemark>
    <Placemark>
      <name></name>
      <Point>
        <extrude>1</extrude>
        <altitudeMode>absolute</altitudeMode>
        <coordinates>-58.274928782208505,-34.63714659716567,1261.766400000003</coordinates>
      </Point>
    </Placemark>
    <Placemark>
      <name></name>
      <Point>
        <extrude>1</extrude>
        <altitudeMode>absolute</altitudeMode>
        <coordinates>-58.27409779868965,-34.63760589091523,1269.396400000003</coordinates>
      </Point>
    </Placemark>
    <Placemark>
      <name></name>
      <Point>
        <extrude>1</extrude>
        <altitudeMode>absolute</altitudeMode>
        <coordinates>-58.27326649971954,-34.63806534828917,1277.0264000000032</coordinates>
      </Point>
    </Placemark>
    <Placemark>
      <name></name>
      <Point>
        <extrude>1</extrude>
        <altitudeMode>absolute</altitudeMode>
        <coordinates>-58.27243488512707,-34.63852496936996,1284.6564000000033</coordinates>
      </Point>
    </Placemark>
    <Placemark>
      <name></name>
      <Point>
        <extrude>1</extrude>
        <altitudeMode>absolute</altitudeMode>
        <coordinates>-58.27160295474098,-34.6389847542401,1292.2864000000034</coordinates>
      </Point>
    </Placemark>
    <Placemark>
      <name></name>
      <Point>
        <extrude>1</extrude>
        <altitudeMode>absolute</altitudeMode>
        <coordinates>-58.27077070838991,-34.6394447029822,1299.9164000000035</coordinates>
      </Point>
    </Placemark>
    <Placemark>
      <name></name>
      <Point>
        <extrude>1</extrude>
        <altitudeMode>absolute</altitudeMode>
        <coordinates>-58.269938145902394,-34.63990481567889,1307.5464000000036</coordinates>
      </Point>
    </Placemark>
    <Placemark>
      <name></name>
      <Point>
        <extrude>1</extrude>
        <altitudeMode>absolute</altitudeMode>
        <coordinates>-58.26910526710685,-34.64036509241284,1315.1764000000037</coordinates>
      </Point>
    </Placemark>
    <Placemark>
      <name></name>
      <Point>
        <extrude>1</extrude>
        <altitudeMode>absolute</altitudeMode>
        <coordinates>-58.26827207183155,-34.64082553326679,1322.8064000000038</coordinates>
      </Point>
    </Placemark>
    <Placemark>
      <name>flyby-EndOfClimbRamp</name>
      <Point>
        <extrude>1</extrude>
        <altitudeMode>absolute</altitudeMode>
        <coordinates>-58.26743855990467,-34.64128613832354,1330.436400000004</coordinates>
      </Point>
    </Placemark>
    <Placemark>
      <name></name>
      <Point>
        <extrude>1</extrude>
        <altitudeMode>absolute</altitudeMode>
        <coordinates>-58.26673683661551,-34.64170223053057,1338.066400000004</coordinates>
      </Point>
    </Placemark>
    <Placemark>
      <name></name>
      <Point>
        <extrude>1</extrude>
        <altitudeMode>absolute</altitudeMode>
        <coordinates>-58.265935916386525,-34.64220146105015,1345.6964000000041</coordinates>
      </Point>
    </Placemark>
    <Placemark>
      <name></name>
      <Point>
        <extrude>1</extrude>
        <altitudeMode>absolute</altitudeMode>
        <coordinates>-58.265152299540475,-34.64271943702071,1353.3264000000042</coordinates>
      </Point>
    </Placemark>
    <Placemark>
      <name></name>
      <Point>
        <extrude>1</extrude>
        <altitudeMode>absolute</altitudeMode>
        <coordinates>-58.264386641113546,-34.64325575892488,1360.9564000000044</coordinates>
      </Point>
    </Placemark>
    <Placemark>
      <name></name>
      <Point>
        <extrude>1</extrude>
        <altitudeMode>absolute</altitudeMode>
        <coordinates>-58.263639582781934,-34.64381001159891,1368.5864000000045</coordinates>
      </Point>
    </Placemark>
    <Placemark>
      <name></name>
      <Point>
        <extrude>1</extrude>
        <altitudeMode>absolute</altitudeMode>
        <coordinates>-58.262911752305115,-34.64438176453026,1376.2164000000046</coordinates>
      </Point>
    </Placemark>
    <Placemark>
      <name></name>
      <Point>
        <extrude>1</extrude>
        <altitudeMode>absolute</altitudeMode>
        <coordinates>-58.2622037629783,-34.64497057216875,1383.8464000000047</coordinates>
      </Point>
    </Placemark>
    <Placemark>
      <name></name>
      <Point>
        <extrude>1</extrude>
        <altitudeMode>absolute</altitudeMode>
        <coordinates>-58.26151621309495,-34.64557597425101,1391.4764000000048</coordinates>
      </Point>
    </Placemark>
    <Placemark>
      <name></name>
      <Point>
        <extrude>1</extrude>
        <altitudeMode>absolute</altitudeMode>
        <coordinates>-58.26084968541983,-34.646197496137994,1399.106400000005</coordinates>
      </Point>
    </Placemark>
    <Placemark>
      <name></name>
      <Point>
        <extrude>1</extrude>
        <altitudeMode>absolute</altitudeMode>
        <coordinates>-58.26020474667267,-34.646834649165505,1406.736400000005</coordinates>
      </Point>
    </Placemark>
    <Placemark>
      <name></name>
      <Point>
        <extrude>1</extrude>
        <altitudeMode>absolute</altitudeMode>
        <coordinates>-58.25958194702338,-34.647486931007236,1414.3664000000051</coordinates>
      </Point>
    </Placemark>
    <Placemark>
      <name></name>
      <Point>
        <extrude>1</extrude>
        <altitudeMode>absolute</altitudeMode>
        <coordinates>-58.258981819598915,-34.6481538260503,1421.9964000000052</coordinates>
      </Point>
    </Placemark>
    <Placemark>
      <name></name>
      <Point>
        <extrude>1</extrude>
        <altitudeMode>absolute</altitudeMode>
        <coordinates>-58.2584048800025,-34.64883480578285,1429.6264000000053</coordinates>
      </Point>
    </Placemark>
    <Placemark>
      <name></name>
      <Point>
        <extrude>1</extrude>
        <altitudeMode>absolute</altitudeMode>
        <coordinates>-58.25785162584549,-34.649529329193655,1437.2564000000054</coordinates>
      </Point>
    </Placemark>
    <Placemark>
      <name></name>
      <Point>
        <extrude>1</extrude>
        <altitudeMode>absolute</altitudeMode>
        <coordinates>-58.257322536292435,-34.65023684318319,1444.8864000000056</coordinates>
      </Point>
    </Placemark>
    <Placemark>
      <name></name>
      <Point>
        <extrude>1</extrude>
        <altitudeMode>absolute</altitudeMode>
        <coordinates>-58.256818071619676,-34.65095678298603,1452.5164000000057</coordinates>
      </Point>
    </Placemark>
    <Placemark>
      <name></name>
      <Point>
        <extrude>1</extrude>
        <altitudeMode>absolute</altitudeMode>
        <coordinates>-58.25633867278788,-34.65168857260434,1460.1464000000058</coordinates>
      </Point>
    </Placemark>
    <Placemark>
      <name></name>
      <Point>
        <extrude>1</extrude>
        <altitudeMode>absolute</altitudeMode>
        <coordinates>-58.25588476102908,-34.65243162525198,1467.7764000000059</coordinates>
      </Point>
    </Placemark>
    <Placemark>
      <name></name>
      <Point>
        <extrude>1</extrude>
        <altitudeMode>absolute</altitudeMode>
        <coordinates>-58.25545673744844,-34.65318534380892,1475.406400000006</coordinates>
      </Point>
    </Placemark>
    <Placemark>
      <name></name>
      <Point>
        <extrude>1</extrude>
        <altitudeMode>absolute</altitudeMode>
        <coordinates>-58.2550549826413,-34.65394912128585,1483.036400000006</coordinates>
      </Point>
    </Placemark>
    <Placemark>
      <name></name>
      <Point>
        <extrude>1</extrude>
        <altitudeMode>absolute</altitudeMode>
        <coordinates>-58.25467985632562,-34.654722341298324,1490.6664000000062</coordinates>
      </Point>
    </Placemark>
    <Placemark>
      <name></name>
      <Point>
        <extrude>1</extrude>
        <altitudeMode>absolute</altitudeMode>
        <coordinates>-58.25433169699062,-34.65550437855036,1498.2964000000063</coordinates>
      </Point>
    </Placemark>
    <Placemark>
      <name></name>
      <Point>
        <extrude>1</extrude>
        <altitudeMode>absolute</altitudeMode>
        <coordinates>-58.25401082156151,-34.65629459932688,1505.9264000000064</coordinates>
      </Point>
    </Placemark>
    <Placemark>
      <name></name>
      <Point>
        <extrude>1</extrude>
        <altitudeMode>absolute</altitudeMode>
        <coordinates>-58.25371752508099,-34.65709236199487,1513.5564000000065</coordinates>
      </Point>
    </Placemark>
    <Placemark>
      <name></name>
      <Point>
        <extrude>1</extrude>
        <altitudeMode>absolute</altitudeMode>
        <coordinates>-58.2534520804077,-34.657897017512745,1521.1864000000066</coordinates>
      </Point>
    </Placemark>
    <Placemark>
      <name></name>
      <Point>
        <extrude>1</extrude>
        <altitudeMode>absolute</altitudeMode>
        <coordinates>-58.25321473793201,-34.658707909947495,1528.8164000000068</coordinates>
      </Point>
    </Placemark>
    <Placemark>
      <name></name>
      <Point>
        <extrude>1</extrude>
        <altitudeMode>absolute</altitudeMode>
        <coordinates>-58.25300572530941,-34.65952437699931,1536.4464000000069</coordinates>
      </Point>
    </Placemark>
    <Placemark>
      <name></name>
      <Point>
        <extrude>1</extrude>
        <altitudeMode>absolute</altitudeMode>
        <coordinates>-58.25282524721173,-34.6603457505332,1544.076400000007</coordinates>
      </Point>
    </Placemark>
    <Placemark>
      <name></name>
      <Point>
        <extrude>1</extrude>
        <altitudeMode>absolute</altitudeMode>
        <coordinates>-58.25267348509678,-34.661171357117254,1551.706400000007</coordinates>
      </Point>
    </Placemark>
    <Placemark>
      <name></name>
      <Point>
        <extrude>1</extrude>
        <altitudeMode>absolute</altitudeMode>
        <coordinates>-58.252550596996215,-34.66200051856712,1559.3364000000072</coordinates>
      </Point>
    </Placemark>
    <Placemark>
      <name></name>
      <Point>
        <extrude>1</extrude>
        <altitudeMode>absolute</altitudeMode>
        <coordinates>-58.25245671732239,-34.66283255249622,1566.9664000000073</coordinates>
      </Point>
    </Placemark>
    <Placemark>
      <name></name>
      <Point>
        <extrude>1</extrude>
        <altitudeMode>absolute</altitudeMode>
        <coordinates>-58.25239195669391,-34.66366677287124,1574.5964000000074</coordinates>
      </Point>
    </Placemark>
    <Placemark>
      <name></name>
      <Point>
        <extrude>1</extrude>
        <altitudeMode>absolute</altitudeMode>
        <coordinates>-58.252356401780645,-34.66450249057265,1582.2264000000075</coordinates>
      </Point>
    </Placemark>
    <Placemark>
      <name></name>
      <Point>
        <extrude>1</extrude>
        <altitudeMode>absolute</altitudeMode>
        <coordinates>-58.25235011516786,-34.66533901395954,1589.8564000000076</coordinates>
      </Point>
    </Placemark>
    <Placemark>
      <name></name>
      <Point>
        <extrude>1</extrude>
        <altitudeMode>absolute</altitudeMode>
        <coordinates>-58.252373135240276,-34.66617564943851,1597.4864000000077</coordinates>
      </Point>
    </Placemark>
    <Placemark>
      <name></name>
      <Point>
        <extrude>1</extrude>
        <altitudeMode>absolute</altitudeMode>
        <coordinates>-58.252425476085705,-34.66701170203602,1605.1164000000078</coordinates>
      </Point>
    </Placemark>
    <Placemark>
      <name></name>
      <Point>
        <extrude>1</extrude>
        <altitudeMode>absolute</altitudeMode>
        <coordinates>-58.252507127418795,-34.667846475973924,1612.746400000008</coordinates>
      </Point>
    </Placemark>
    <Placemark>
      <name></name>
      <Point>
        <extrude>1</extrude>
        <altitudeMode>absolute</altitudeMode>
        <coordinates>-58.252618054524646,-34.66867927524749,1620.376400000008</coordinates>
      </Point>
    </Placemark>
    <Placemark>
      <name></name>
      <Point>
        <extrude>1</extrude>
        <altitudeMode>absolute</altitudeMode>
        <coordinates>-58.25275819822291,-34.66950940420558,1628.0064000000082</coordinates>
      </Point>
    </Placemark>
    <Placemark>
      <name></name>
      <Point>
        <extrude>1</extrude>
        <altitudeMode>absolute</altitudeMode>
        <coordinates>-58.25292747485214,-34.670336168132465,1635.6364000000083</coordinates>
      </Point>
    </Placemark>
    <Placemark>
      <name></name>
      <Point>
        <extrude>1</extrude>
        <altitudeMode>absolute</altitudeMode>
        <coordinates>-58.25312577627463,-34.67115887383083,1643.2664000000084</coordinates>
      </Point>
    </Placemark>
    <Placemark>
      <name></name>
      <Point>
        <extrude>1</extrude>
        <altitudeMode>absolute</altitudeMode>
        <coordinates>-58.25335296990178,-34.6719768302054,1650.8964000000085</coordinates>
      </Point>
    </Placemark>
    <Placemark>
      <name></name>
      <Point>
        <extrude>1</extrude>
        <altitudeMode>absolute</altitudeMode>
        <coordinates>-58.25360889874011,-34.67278934884685,1658.5264000000086</coordinates>
      </Point>
    </Placemark>
    <Placemark>
      <name></name>
      <Point>
        <extrude>1</extrude>
        <altitudeMode>absolute</altitudeMode>
        <coordinates>-58.25389338145786,-34.67359574461526,1666.1564000000087</coordinates>
      </Point>
    </Placemark>
    <Placemark>
      <name></name>
      <Point>
        <extrude>1</extrude>
        <altitudeMode>absolute</altitudeMode>
        <coordinates>-58.254206212472326,-34.674395336222965,1673.7864000000088</coordinates>
      </Point>
    </Placemark>
    <Placemark>
      <name></name>
      <Point>
        <extrude>1</extrude>
        <altitudeMode>absolute</altitudeMode>
        <coordinates>-58.254547162058046,-34.67518744681597,1681.416400000009</coordinates>
      </Point>
    </Placemark>
    <Placemark>
      <name></name>
      <Point>
        <extrude>1</extrude>
        <altitudeMode>absolute</altitudeMode>
        <coordinates>-58.254915976475445,-34.67597140455362,1689.046400000009</coordinates>
      </Point>
    </Placemark>
    <Placemark>
      <name></name>
      <Point>
        <extrude>1</extrude>
        <altitudeMode>absolute</altitudeMode>
        <coordinates>-58.255312378120266,-34.676746543186056,1696.6764000000092</coordinates>
      </Point>
    </Placemark>
    <Placemark>
      <name></name>
      <Point>
        <extrude>1</extrude>
        <altitudeMode>absolute</altitudeMode>
        <coordinates>-58.255736065693796,-34.67751220262879,1704.3064000000093</coordinates>
      </Point>
    </Placemark>
    <Placemark>
      <name></name>
      <Point>
        <extrude>1</extrude>
        <altitudeMode>absolute</altitudeMode>
        <coordinates>-58.25618671439355,-34.67826772953407,1711.9364000000094</coordinates>
      </Point>
    </Placemark>
    <Placemark>
      <name></name>
      <Point>
        <extrude>1</extrude>
        <altitudeMode>absolute</altitudeMode>
        <coordinates>-58.2566639761244,-34.679012477858514,1719.5664000000095</coordinates>
      </Point>
    </Placemark>
    <Placemark>
      <name></name>
      <Point>
        <extrude>1</extrude>
        <altitudeMode>absolute</altitudeMode>
        <coordinates>-58.2571674797304,-34.67974580942636,1727.1964000000096</coordinates>
      </Point>
    </Placemark>
    <Placemark>
      <name></name>
      <Point>
        <extrude>1</extrude>
        <altitudeMode>absolute</altitudeMode>
        <coordinates>-58.257696831246605,-34.68046709448805,1734.8264000000097</coordinates>
      </Point>
    </Placemark>
    <Placemark>
      <name></name>
      <Point>
        <extrude>1</extrude>
        <altitudeMode>absolute</altitudeMode>
        <coordinates>-58.258251614171414,-34.68117571227358,1742.4564000000098</coordinates>
      </Point>
    </Placemark>
    <Placemark>
      <name></name>
      <Point>
        <extrude>1</extrude>
        <altitudeMode>absolute</altitudeMode>
        <coordinates>-58.25883138975874,-34.68187105154,1750.08640000001</coordinates>
      </Point>
    </Placemark>
    <Placemark>
      <name></name>
      <Point>
        <extrude>1</extrude>
        <altitudeMode>absolute</altitudeMode>
        <coordinates>-58.259435697330076,-34.68255251111278,1757.71640000001</coordinates>
      </Point>
    </Placemark>
    <Placemark>
      <name></name>
      <Point>
        <extrude>1</extrude>
        <altitudeMode>absolute</altitudeMode>
        <coordinates>-58.260064054606445,-34.683219500420435,1765.3464000000101</coordinates>
      </Point>
    </Placemark>
    <Placemark>
      <name></name>
      <Point>
        <extrude>1</extrude>
        <altitudeMode>absolute</altitudeMode>
        <coordinates>-58.260715958059706,-34.683871440021925,1772.9764000000102</coordinates>
      </Point>
    </Placemark>
    <Placemark>
      <name></name>
      <Point>
        <extrude>1</extrude>
        <altitudeMode>absolute</altitudeMode>
        <coordinates>-58.2613908832831,-34.6845077621264,1780.6064000000104</coordinates>
      </Point>
    </Placemark>
    <Placemark>
      <name></name>
      <Point>
        <extrude>1</extrude>
        <altitudeMode>absolute</altitudeMode>
        <coordinates>-58.26208828538107,-34.68512791110481,1788.2364000000105</coordinates>
      </Point>
    </Placemark>
    <Placemark>
      <name></name>
      <Point>
        <extrude>1</extrude>
        <altitudeMode>absolute</altitudeMode>
        <coordinates>-58.26280759937765,-34.685731343992856,1795.8664000000106</coordinates>
      </Point>
    </Placemark>
    <Placemark>
      <name></name>
      <Point>
        <extrude>1</extrude>
        <altitudeMode>absolute</altitudeMode>
        <coordinates>-58.26354824064359,-34.68631753098491,1803.4964000000107</coordinates>
      </Point>
    </Placemark>
    <Placemark>
      <name></name>
      <Point>
        <extrude>1</extrude>
        <altitudeMode>absolute</altitudeMode>
        <coordinates>-58.26430960534154,-34.68688595591833,1811.1264000000108</coordinates>
      </Point>
    </Placemark>
    <Placemark>
      <name></name>
      <Point>
        <extrude>1</extrude>
        <altitudeMode>absolute</altitudeMode>
        <coordinates>-58.26509107088931,-34.68743611674783,1818.756400000011</coordinates>
      </Point>
    </Placemark>
    <Placemark>
      <name></name>
      <Point>
        <extrude>1</extrude>
        <altitudeMode>absolute</altitudeMode>
        <coordinates>-58.2658919964407,-34.68796752600943,1826.386400000011</coordinates>
      </Point>
    </Placemark>
    <Placemark>
      <name></name>
      <Point>
        <extrude>1</extrude>
        <altitudeMode>absolute</altitudeMode>
        <coordinates>-58.266711723383594,-34.68847971127341,1834.0164000000111</coordinates>
      </Point>
    </Placemark>
    <Placemark>
      <name></name>
      <Point>
        <extrude>1</extrude>
        <altitudeMode>absolute</altitudeMode>
        <coordinates>-58.26754957585504,-34.688972215586126,1841.6464000000112</coordinates>
      </Point>
    </Placemark>
    <Placemark>
      <name></name>
      <Point>
        <extrude>1</extrude>
        <altitudeMode>absolute</altitudeMode>
        <coordinates>-58.26840486127277,-34.68944459789991,1849.2764000000113</coordinates>
      </Point>
    </Placemark>
    <Placemark>
      <name></name>
      <Point>
        <extrude>1</extrude>
        <altitudeMode>absolute</altitudeMode>
        <coordinates>-58.26927687088305,-34.68989643349098,1856.9064000000114</coordinates>
      </Point>
    </Placemark>
    <Placemark>
      <name></name>
      <Point>
        <extrude>1</extrude>
        <altitudeMode>absolute</altitudeMode>
        <coordinates>-58.27016488032413,-34.69032731436467,1864.5364000000116</coordinates>
      </Point>
    </Placemark>
    <Placemark>
      <name></name>
      <Point>
        <extrude>1</extrude>
        <altitudeMode>absolute</altitudeMode>
        <coordinates>-58.27106815020511,-34.690736849647756,1872.1664000000117</coordinates>
      </Point>
    </Placemark>
    <Placemark>
      <name></name>
      <Point>
        <extrude>1</extrude>
        <altitudeMode>absolute</altitudeMode>
        <coordinates>-58.27198592669973,-34.69112466596739,1879.7964000000118</coordinates>
      </Point>
    </Placemark>
    <Placemark>
      <name></name>
      <Point>
        <extrude>1</extrude>
        <altitudeMode>absolute</altitudeMode>
        <coordinates>-58.27291744215445,-34.691490407816396,1887.4264000000119</coordinates>
      </Point>
    </Placemark>
    <Placemark>
      <name></name>
      <Point>
        <extrude>1</extrude>
        <altitudeMode>absolute</altitudeMode>
        <coordinates>-58.273861915710825,-34.69183373790433,1895.056400000012</coordinates>
      </Point>
    </Placemark>
    <Placemark>
      <name></name>
      <Point>
        <extrude>1</extrude>
        <altitudeMode>absolute</altitudeMode>
        <coordinates>-58.27481855394103,-34.692154337494216,1902.686400000012</coordinates>
      </Point>
    </Placemark>
    <Placemark>
      <name></name>
      <Point>
        <extrude>1</extrude>
        <altitudeMode>absolute</altitudeMode>
        <coordinates>-58.27578655149671,-34.69245190672434,1910.3164000000122</coordinates>
      </Point>
    </Placemark>
    <Placemark>
      <name></name>
      <Point>
        <extrude>1</extrude>
        <altitudeMode>absolute</altitudeMode>
        <coordinates>-58.27676509176999,-34.692726164915,1917.9464000000123</coordinates>
      </Point>
    </Placemark>
    <Placemark>
      <name></name>
      <Point>
        <extrude>1</extrude>
        <altitudeMode>absolute</altitudeMode>
        <coordinates>-58.2777533475669,-34.69297685085975,1925.5764000000124</coordinates>
      </Point>
    </Placemark>
    <Placemark>
      <name></name>
      <Point>
        <extrude>1</extrude>
        <altitudeMode>absolute</altitudeMode>
        <coordinates>-58.278750481791775,-34.693203723100794,1933.2064000000125</coordinates>
      </Point>
    </Placemark>
    <Placemark>
      <name></name>
      <Point>
        <extrude>1</extrude>
        <altitudeMode>absolute</altitudeMode>
        <coordinates>-58.27975564814291,-34.693406560188414,1940.8364000000126</coordinates>
      </Point>
    </Placemark>
    <Placemark>
      <name></name>
      <Point>
        <extrude>1</extrude>
        <altitudeMode>absolute</altitudeMode>
        <coordinates>-58.280767991818294,-34.69358516092386,1948.4664000000128</coordinates>
      </Point>
    </Placemark>
    <Placemark>
      <name></name>
      <Point>
        <extrude>1</extrude>
        <altitudeMode>absolute</altitudeMode>
        <coordinates>-58.28178665023128,-34.69373934458571,1956.0964000000129</coordinates>
      </Point>
    </Placemark>
    <Placemark>
      <name></name>
      <Point>
        <extrude>1</extrude>
        <altitudeMode>absolute</altitudeMode>
        <coordinates>-58.28281075373533,-34.69386895113924,1963.726400000013</coordinates>
      </Point>
    </Placemark>
    <Placemark>
      <name></name>
      <Point>
        <extrude>1</extrude>
        <altitudeMode>absolute</altitudeMode>
        <coordinates>-58.2838394263574,-34.69397384142861,1971.356400000013</coordinates>
      </Point>
    </Placemark>
    <Placemark>
      <name></name>
      <Point>
        <extrude>1</extrude>
        <altitudeMode>absolute</altitudeMode>
        <coordinates>-58.28487178653924,-34.6940538973517,1978.9864000000132</coordinates>
      </Point>
    </Placemark>
    <Placemark>
      <name></name>
      <Point>
        <extrude>1</extrude>
        <altitudeMode>absolute</altitudeMode>
        <coordinates>-58.28590694788613,-34.694109022017216,1986.6164000000133</coordinates>
      </Point>
    </Placemark>
    <Placemark>
      <name></name>
      <Point>
        <extrude>1</extrude>
        <altitudeMode>absolute</altitudeMode>
        <coordinates>-58.286944019922245,-34.69413913988404,1994.2464000000134</coordinates>
      </Point>
    </Placemark>
    <Placemark>
      <name></name>
      <Point>
        <extrude>1</extrude>
        <altitudeMode>absolute</altitudeMode>
        <coordinates>-58.28798210885216,-34.694144196882455,2001.8764000000135</coordinates>
      </Point>
    </Placemark>
    <Placemark>
      <name></name>
      <Point>
        <extrude>1</extrude>
        <altitudeMode>absolute</altitudeMode>
        <coordinates>-58.28902031832796,-34.69412416051727,2009.5064000000136</coordinates>
      </Point>
    </Placemark>
    <Placemark>
      <name></name>
      <Point>
        <extrude>1</extrude>
        <altitudeMode>absolute</altitudeMode>
        <coordinates>-58.290057750220825,-34.69407901995241,2017.1364000000137</coordinates>
      </Point>
    </Placemark>
    <Placemark>
      <name>turn-274.7-deg</name>
      <Point>
        <extrude>1</extrude>
        <altitudeMode>absolute</altitudeMode>
        <coordinates>-58.29109350539714,-34.69400878607707,2024.7664000000138</coordinates>
      </Point>
    </Placemark>
    <Placemark>
      <name></name>
      <Point>
        <extrude>1</extrude>
        <altitudeMode>absolute</altitudeMode>
        <coordinates>-58.29213004527696,-34.6939426120692,2032.396400000014</coordinates>
      </Point>
    </Placemark>
    <Placemark>
      <name></name>
      <Point>
        <extrude>1</extrude>
        <altitudeMode>absolute</altitudeMode>
        <coordinates>-58.29316697153559,-34.693876404507776,2040.026400000014</coordinates>
      </Point>
    </Placemark>
    <Placemark>
      <name></name>
      <Point>
        <extrude>1</extrude>
        <altitudeMode>absolute</altitudeMode>
        <coordinates>-58.29420428437727,-34.69381016336982,2047.6564000000142</coordinates>
      </Point>
    </Placemark>
    <Placemark>
      <name></name>
      <Point>
        <extrude>1</extrude>
        <altitudeMode>absolute</altitudeMode>
        <coordinates>-58.2952419840064,-34.69374388863229,2055.286400000014</coordinates>
      </Point>
    </Placemark>
    <Placemark>
      <name></name>
      <Point>
        <extrude>1</extrude>
        <altitudeMode>absolute</altitudeMode>
        <coordinates>-58.29628007062753,-34.69367758027218,2062.916400000014</coordinates>
      </Point>
    </Placemark>
    <Placemark>
      <name></name>
      <Point>
        <extrude>1</extrude>
        <altitudeMode>absolute</altitudeMode>
        <coordinates>-58.29731854444532,-34.6936112382664,2070.5464000000143</coordinates>
      </Point>
    </Placemark>
    <Placemark>
      <name></name>
      <Point>
        <extrude>1</extrude>
        <altitudeMode>absolute</altitudeMode>
        <coordinates>-58.29835740566459,-34.693544862591864,2078.1764000000144</coordinates>
      </Point>
    </Placemark>
    <Placemark>
      <name></name>
      <Point>
        <extrude>1</extrude>
        <altitudeMode>absolute</altitudeMode>
        <coordinates>-58.29939665449023,-34.69347845322551,2085.8064000000145</coordinates>
      </Point>
    </Placemark>
    <Placemark>
      <name></name>
      <Point>
        <extrude>1</extrude>
        <altitudeMode>absolute</altitudeMode>
        <coordinates>-58.30043629112735,-34.693412010144186,2093.4364000000146</coordinates>
      </Point>
    </Placemark>
    <Placemark>
      <name></name>
      <Point>
        <extrude>1</extrude>
        <altitudeMode>absolute</altitudeMode>
        <coordinates>-58.30147631578112,-34.69334553332478,2101.0664000000147</coordinates>
      </Point>
    </Placemark>
    <Placemark>
      <name></name>
      <Point>
        <extrude>1</extrude>
        <altitudeMode>absolute</altitudeMode>
        <coordinates>-58.3025167286569,-34.69327902274413,2108.696400000015</coordinates>
      </Point>
    </Placemark>
    <Placemark>
      <name></name>
      <Point>
        <extrude>1</extrude>
        <altitudeMode>absolute</altitudeMode>
        <coordinates>-58.303557529960145,-34.693212478379046,2116.326400000015</coordinates>
      </Point>
    </Placemark>
    <Placemark>
      <name></name>
      <Point>
        <extrude>1</extrude>
        <altitudeMode>absolute</altitudeMode>
        <coordinates>-58.30459871989647,-34.693145900206346,2123.956400000015</coordinates>
      </Point>
    </Placemark>
    <Placemark>
      <name></name>
      <Point>
        <extrude>1</extrude>
        <altitudeMode>absolute</altitudeMode>
        <coordinates>-58.30564029867159,-34.69307928820282,2131.586400000015</coordinates>
      </Point>
    </Placemark>
    <Placemark>
      <name></name>
      <Point>
        <extrude>1</extrude>
        <altitudeMode>absolute</altitudeMode>
        <coordinates>-58.30668226649139,-34.69301264234522,2139.2164000000153</coordinates>
      </Point>
    </Placemark>
    <Placemark>
      <name></name>
      <Point>
        <extrude>1</extrude>
        <altitudeMode>absolute</altitudeMode>
        <coordinates>-58.30772462356189,-34.6929459626103,2146.8464000000154</coordinates>
      </Point>
    </Placemark>
    <Placemark>
      <name></name>
      <Point>
        <extrude>1</extrude>
        <altitudeMode>absolute</altitudeMode>
        <coordinates>-58.308767370089214,-34.69287924897478,2154.4764000000155</coordinates>
      </Point>
    </Placemark>
    <Placemark>
      <name></name>
      <Point>
        <extrude>1</extrude>
        <altitudeMode>absolute</altitudeMode>
        <coordinates>-58.309810506279625,-34.69281250141539,2162.1064000000156</coordinates>
      </Point>
    </Placemark>
    <Placemark>
      <name></name>
      <Point>
        <extrude>1</extrude>
        <altitudeMode>absolute</altitudeMode>
        <coordinates>-58.310854032339556,-34.69274571990879,2169.7364000000157</coordinates>
      </Point>
    </Placemark>
    <Placemark>
      <name></name>
      <Point>
        <extrude>1</extrude>
        <altitudeMode>absolute</altitudeMode>
        <coordinates>-58.31189794847555,-34.69267890443168,2177.366400000016</coordinates>
      </Point>
    </Placemark>
    <Placemark>
      <name></name>
      <Point>
        <extrude>1</extrude>
        <altitudeMode>absolute</altitudeMode>
        <coordinates>-58.312942254894246,-34.69261205496068,2184.996400000016</coordinates>
      </Point>
    </Placemark>
    <Placemark>
      <name></name>
      <Point>
        <extrude>1</extrude>
        <altitudeMode>absolute</altitudeMode>
        <coordinates>-58.31398695180251,-34.692545171472425,2192.626400000016</coordinates>
      </Point>
    </Placemark>
    <Placemark>
      <name></name>
      <Point>
        <extrude>1</extrude>
        <altitudeMode>absolute</altitudeMode>
        <coordinates>-58.31503203940727,-34.69247825394353,2200.256400000016</coordinates>
      </Point>
    </Placemark>
    <Placemark>
      <name></name>
      <Point>
        <extrude>1</extrude>
        <altitudeMode>absolute</altitudeMode>
        <coordinates>-58.3160775179156,-34.69241130235058,2207.8864000000162</coordinates>
      </Point>
    </Placemark>
    <Placemark>
      <name></name>
      <Point>
        <extrude>1</extrude>
        <altitudeMode>absolute</altitudeMode>
        <coordinates>-58.317123387534735,-34.69234431667016,2215.5164000000163</coordinates>
      </Point>
    </Placemark>
    <Placemark>
      <name></name>
      <Point>
        <extrude>1</extrude>
        <altitudeMode>absolute</altitudeMode>
        <coordinates>-58.31816964847201,-34.6922772968788,2223.1464000000165</coordinates>
      </Point>
    </Placemark>
    <Placemark>
      <name></name>
      <Point>
        <extrude>1</extrude>
        <altitudeMode>absolute</altitudeMode>
        <coordinates>-58.319216300934926,-34.69221024295306,2230.7764000000166</coordinates>
      </Point>
    </Placemark>
    <Placemark>
      <name></name>
      <Point>
        <extrude>1</extrude>
        <altitudeMode>absolute</altitudeMode>
        <coordinates>-58.3202633451311,-34.69214315486941,2238.4064000000167</coordinates>
      </Point>
    </Placemark>
    <Placemark>
      <name></name>
      <Point>
        <extrude>1</extrude>
        <altitudeMode>absolute</altitudeMode>
        <coordinates>-58.32131078126831,-34.69207603260438,2246.036400000017</coordinates>
      </Point>
    </Placemark>
    <Placemark>
      <name></name>
      <Point>
        <extrude>1</extrude>
        <altitudeMode>absolute</altitudeMode>
        <coordinates>-58.322358609554435,-34.69200887613443,2253.666400000017</coordinates>
      </Point>
    </Placemark>
    <Placemark>
      <name></name>
      <Point>
        <extrude>1</extrude>
        <altitudeMode>absolute</altitudeMode>
        <coordinates>-58.3234068301975,-34.691941685436,2261.296400000017</coordinates>
      </Point>
    </Placemark>
    <Placemark>
      <name></name>
      <Point>
        <extrude>1</extrude>
        <altitudeMode>absolute</altitudeMode>
        <coordinates>-58.324455443405704,-34.691874460485536,2268.926400000017</coordinates>
      </Point>
    </Placemark>
    <Placemark>
      <name></name>
      <Point>
        <extrude>1</extrude>
        <altitudeMode>absolute</altitudeMode>
        <coordinates>-58.32550444938731,-34.69180720125945,2276.556400000017</coordinates>
      </Point>
    </Placemark>
    <Placemark>
      <name></name>
      <Point>
        <extrude>1</extrude>
        <altitudeMode>absolute</altitudeMode>
        <coordinates>-58.32655384835079,-34.69173990773412,2284.1864000000173</coordinates>
      </Point>
    </Placemark>
    <Placemark>
      <name></name>
      <Point>
        <extrude>1</extrude>
        <altitudeMode>absolute</altitudeMode>
        <coordinates>-58.327603640504705,-34.69167257988593,2291.8164000000174</coordinates>
      </Point>
    </Placemark>
    <Placemark>
      <name></name>
      <Point>
        <extrude>1</extrude>
        <altitudeMode>absolute</altitudeMode>
        <coordinates>-58.32865382605776,-34.69160521769123,2299.4464000000175</coordinates>
      </Point>
    </Placemark>
    <Placemark>
      <name></name>
      <Point>
        <extrude>1</extrude>
        <altitudeMode>absolute</altitudeMode>
        <coordinates>-58.32970440521882,-34.69153782112637,2307.0764000000177</coordinates>
      </Point>
    </Placemark>
    <Placemark>
      <name></name>
      <Point>
        <extrude>1</extrude>
        <altitudeMode>absolute</altitudeMode>
        <coordinates>-58.33075537819685,-34.69147039016764,2314.7064000000178</coordinates>
      </Point>
    </Placemark>
    <Placemark>
      <name></name>
      <Point>
        <extrude>1</extrude>
        <altitudeMode>absolute</altitudeMode>
        <coordinates>-58.331806745200986,-34.69140292479134,2322.336400000018</coordinates>
      </Point>
    </Placemark>
    <Placemark>
      <name></name>
      <Point>
        <extrude>1</extrude>
        <altitudeMode>absolute</altitudeMode>
        <coordinates>-58.33285850644049,-34.691335424973744,2329.966400000018</coordinates>
      </Point>
    </Placemark>
    <Placemark>
      <name></name>
      <Point>
        <extrude>1</extrude>
        <altitudeMode>absolute</altitudeMode>
        <coordinates>-58.33391066212473,-34.691267890691115,2337.596400000018</coordinates>
      </Point>
    </Placemark>
    <Placemark>
      <name></name>
      <Point>
        <extrude>1</extrude>
        <altitudeMode>absolute</altitudeMode>
        <coordinates>-58.33496321246327,-34.691200321919666,2345.226400000018</coordinates>
      </Point>
    </Placemark>
    <Placemark>
      <name></name>
      <Point>
        <extrude>1</extrude>
        <altitudeMode>absolute</altitudeMode>
        <coordinates>-58.33601615766575,-34.691132718635636,2352.8564000000183</coordinates>
      </Point>
    </Placemark>
    <Placemark>
      <name></name>
      <Point>
        <extrude>1</extrude>
        <altitudeMode>absolute</altitudeMode>
        <coordinates>-58.33706949794199,-34.6910650808152,2360.4864000000184</coordinates>
      </Point>
    </Placemark>
    <Placemark>
      <name></name>
      <Point>
        <extrude>1</extrude>
        <altitudeMode>absolute</altitudeMode>
        <coordinates>-58.338123233501925,-34.690997408434534,2368.1164000000185</coordinates>
      </Point>
    </Placemark>
    <Placemark>
      <name></name>
      <Point>
        <extrude>1</extrude>
        <altitudeMode>absolute</altitudeMode>
        <coordinates>-58.33917736455564,-34.69092970146979,2375.7464000000186</coordinates>
      </Point>
    </Placemark>
    <Placemark>
      <name></name>
      <Point>
        <extrude>1</extrude>
        <altitudeMode>absolute</altitudeMode>
        <coordinates>-58.340231891313344,-34.690861959897106,2383.3764000000187</coordinates>
      </Point>
    </Placemark>
    <Placemark>
      <name></name>
      <Point>
        <extrude>1</extrude>
        <altitudeMode>absolute</altitudeMode>
        <coordinates>-58.341286813985406,-34.6907941836926,2391.006400000019</coordinates>
      </Point>
    </Placemark>
    <Placemark>
      <name></name>
      <Point>
        <extrude>1</extrude>
        <altitudeMode>absolute</altitudeMode>
        <coordinates>-58.342342132782285,-34.69072637283236,2398.636400000019</coordinates>
      </Point>
    </Placemark>
    <Placemark>
      <name></name>
      <Point>
        <extrude>1</extrude>
        <altitudeMode>absolute</altitudeMode>
        <coordinates>-58.34339784791465,-34.690658527292456,2406.266400000019</coordinates>
      </Point>
    </Placemark>
    <Placemark>
      <name></name>
      <Point>
        <extrude>1</extrude>
        <altitudeMode>absolute</altitudeMode>
        <coordinates>-58.34445395959323,-34.69059064704894,2413.896400000019</coordinates>
      </Point>
    </Placemark>
    <Placemark>
      <name></name>
      <Point>
        <extrude>1</extrude>
        <altitudeMode>absolute</altitudeMode>
        <coordinates>-58.345510468028955,-34.690522732077845,2421.5264000000193</coordinates>
      </Point>
    </Placemark>
    <Placemark>
      <name></name>
      <Point>
        <extrude>1</extrude>
        <altitudeMode>absolute</altitudeMode>
        <coordinates>-58.346567373432855,-34.690454782355204,2429.1564000000194</coordinates>
      </Point>
    </Placemark>
    <Placemark>
      <name></name>
      <Point>
        <extrude>1</extrude>
        <altitudeMode>absolute</altitudeMode>
        <coordinates>-58.347624676016125,-34.69038679785697,2436.7864000000195</coordinates>
      </Point>
    </Placemark>
    <Placemark>
      <name></name>
      <Point>
        <extrude>1</extrude>
        <altitudeMode>absolute</altitudeMode>
        <coordinates>-58.34868237599005,-34.690318778559146,2444.4164000000196</coordinates>
      </Point>
    </Placemark>
    <Placemark>
      <name></name>
      <Point>
        <extrude>1</extrude>
        <altitudeMode>absolute</altitudeMode>
        <coordinates>-58.34974047356613,-34.69025072443767,2452.0464000000197</coordinates>
      </Point>
    </Placemark>
    <Placemark>
      <name></name>
      <Point>
        <extrude>1</extrude>
        <altitudeMode>absolute</altitudeMode>
        <coordinates>-58.350798968955914,-34.69018263546849,2459.67640000002</coordinates>
      </Point>
    </Placemark>
    <Placemark>
      <name></name>
      <Point>
        <extrude>1</extrude>
        <altitudeMode>absolute</altitudeMode>
        <coordinates>-58.35185786237117,-34.690114511627485,2467.30640000002</coordinates>
      </Point>
    </Placemark>
    <Placemark>
      <name></name>
      <Point>
        <extrude>1</extrude>
        <altitudeMode>absolute</altitudeMode>
        <coordinates>-58.35291715402376,-34.69004635289058,2474.93640000002</coordinates>
      </Point>
    </Placemark>
    <Placemark>
      <name></name>
      <Point>
        <extrude>1</extrude>
        <altitudeMode>absolute</altitudeMode>
        <coordinates>-58.35397684412568,-34.68997815923363,2482.56640000002</coordinates>
      </Point>
    </Placemark>
    <Placemark>
      <name></name>
      <Point>
        <extrude>1</extrude>
        <altitudeMode>absolute</altitudeMode>
        <coordinates>-58.35503693288908,-34.689909930632474,2490.1964000000203</coordinates>
      </Point>
    </Placemark>
    <Placemark>
      <name></name>
      <Point>
        <extrude>1</extrude>
        <altitudeMode>absolute</altitudeMode>
        <coordinates>-58.35609742052627,-34.68984166706297,2497.8264000000204</coordinates>
      </Point>
    </Placemark>
    <Placemark>
      <name></name>
      <Point>
        <extrude>1</extrude>
        <altitudeMode>absolute</altitudeMode>
        <coordinates>-58.357158307249655,-34.68977336850091,2505.4564000000205</coordinates>
      </Point>
    </Placemark>
    <Placemark>
      <name></name>
      <Point>
        <extrude>1</extrude>
        <altitudeMode>absolute</altitudeMode>
        <coordinates>-58.35821959327179,-34.68970503492208,2513.0864000000206</coordinates>
      </Point>
    </Placemark>
    <Placemark>
      <name></name>
      <Point>
        <extrude>1</extrude>
        <altitudeMode>absolute</altitudeMode>
        <coordinates>-58.35928127880542,-34.68963666630225,2520.7164000000207</coordinates>
      </Point>
    </Placemark>
    <Placemark>
      <name></name>
      <Point>
        <extrude>1</extrude>
        <altitudeMode>absolute</altitudeMode>
        <coordinates>-58.36034336406334,-34.68956826261717,2528.346400000021</coordinates>
      </Point>
    </Placemark>
    <Placemark>
      <name></name>
      <Point>
        <extrude>1</extrude>
        <altitudeMode>absolute</altitudeMode>
        <coordinates>-58.36140584925856,-34.68949982384259,2535.976400000021</coordinates>
      </Point>
    </Placemark>
    <Placemark>
      <name></name>
      <Point>
        <extrude>1</extrude>
        <altitudeMode>absolute</altitudeMode>
        <coordinates>-58.362468734604185,-34.689431349954184,2543.606400000021</coordinates>
      </Point>
    </Placemark>
    <Placemark>
      <name></name>
      <Point>
        <extrude>1</extrude>
        <altitudeMode>absolute</altitudeMode>
        <coordinates>-58.36353202031351,-34.68936284092765,2551.236400000021</coordinates>
      </Point>
    </Placemark>
    <Placemark>
      <name></name>
      <Point>
        <extrude>1</extrude>
        <altitudeMode>absolute</altitudeMode>
        <coordinates>-58.36459570659987,-34.68929429673866,2558.8664000000213</coordinates>
      </Point>
    </Placemark>
    <Placemark>
      <name></name>
      <Point>
        <extrude>1</extrude>
        <altitudeMode>absolute</altitudeMode>
        <coordinates>-58.36565979367688,-34.68922571736285,2566.4964000000214</coordinates>
      </Point>
    </Placemark>
    <Placemark>
      <name></name>
      <Point>
        <extrude>1</extrude>
        <altitudeMode>absolute</altitudeMode>
        <coordinates>-58.36672428175817,-34.68915710277586,2574.1264000000215</coordinates>
      </Point>
    </Placemark>
    <Placemark>
      <name></name>
      <Point>
        <extrude>1</extrude>
        <altitudeMode>absolute</altitudeMode>
        <coordinates>-58.36778917105758,-34.68908845295327,2581.7564000000216</coordinates>
      </Point>
    </Placemark>
    <Placemark>
      <name></name>
      <Point>
        <extrude>1</extrude>
        <altitudeMode>absolute</altitudeMode>
        <coordinates>-58.368854461789056,-34.6890197678707,2589.3864000000217</coordinates>
      </Point>
    </Placemark>
    <Placemark>
      <name></name>
      <Point>
        <extrude>1</extrude>
        <altitudeMode>absolute</altitudeMode>
        <coordinates>-58.3699201541667,-34.68895104750368,2597.016400000022</coordinates>
      </Point>
    </Placemark>
    <Placemark>
      <name></name>
      <Point>
        <extrude>1</extrude>
        <altitudeMode>absolute</altitudeMode>
        <coordinates>-58.370986248404755,-34.68888229182777,2604.646400000022</coordinates>
      </Point>
    </Placemark>
    <Placemark>
      <name></name>
      <Point>
        <extrude>1</extrude>
        <altitudeMode>absolute</altitudeMode>
        <coordinates>-58.37205274471762,-34.68881350081849,2612.276400000022</coordinates>
      </Point>
    </Placemark>
    <Placemark>
      <name></name>
      <Point>
        <extrude>1</extrude>
        <altitudeMode>absolute</altitudeMode>
        <coordinates>-58.373119643319775,-34.688744674451335,2619.906400000022</coordinates>
      </Point>
    </Placemark>
    <Placemark>
      <name></name>
      <Point>
        <extrude>1</extrude>
        <altitudeMode>absolute</altitudeMode>
        <coordinates>-58.374186944425915,-34.68867581270179,2627.5364000000222</coordinates>
      </Point>
    </Placemark>
    <Placemark>
      <name></name>
      <Point>
        <extrude>1</extrude>
        <altitudeMode>absolute</altitudeMode>
        <coordinates>-58.37525464825082,-34.68860691554532,2635.1664000000223</coordinates>
      </Point>
    </Placemark>
    <Placemark>
      <name></name>
      <Point>
        <extrude>1</extrude>
        <altitudeMode>absolute</altitudeMode>
        <coordinates>-58.376322755009426,-34.68853798295736,2642.7964000000225</coordinates>
      </Point>
    </Placemark>
    <Placemark>
      <name></name>
      <Point>
        <extrude>1</extrude>
        <altitudeMode>absolute</altitudeMode>
        <coordinates>-58.377391264916845,-34.68846901491332,2650.4264000000226</coordinates>
      </Point>
    </Placemark>
    <Placemark>
      <name></name>
      <Point>
        <extrude>1</extrude>
        <altitudeMode>absolute</altitudeMode>
        <coordinates>-58.37846017818827,-34.688400011388616,2658.0564000000227</coordinates>
      </Point>
    </Placemark>
    <Placemark>
      <name></name>
      <Point>
        <extrude>1</extrude>
        <altitudeMode>absolute</altitudeMode>
        <coordinates>-58.37952949503908,-34.6883309723586,2665.686400000023</coordinates>
      </Point>
    </Placemark>
    <Placemark>
      <name></name>
      <Point>
        <extrude>1</extrude>
        <altitudeMode>absolute</altitudeMode>
        <coordinates>-58.38059921568477,-34.68826189779866,2673.316400000023</coordinates>
      </Point>
    </Placemark>
    <Placemark>
      <name></name>
      <Point>
        <extrude>1</extrude>
        <altitudeMode>absolute</altitudeMode>
        <coordinates>-58.381669340341006,-34.68819278768411,2680.946400000023</coordinates>
      </Point>
    </Placemark>
    <Placemark>
      <name></name>
      <Point>
        <extrude>1</extrude>
        <altitudeMode>absolute</altitudeMode>
        <coordinates>-58.38273986922354,-34.688123641990266,2688.576400000023</coordinates>
      </Point>
    </Placemark>
    <Placemark>
      <name></name>
      <Point>
        <extrude>1</extrude>
        <altitudeMode>absolute</altitudeMode>
        <coordinates>-58.383810802548325,-34.68805446069243,2696.206400000023</coordinates>
      </Point>
    </Placemark>
    <Placemark>
      <name></name>
      <Point>
        <extrude>1</extrude>
        <altitudeMode>absolute</altitudeMode>
        <coordinates>-58.384882140531445,-34.68798524376585,2703.8364000000233</coordinates>
      </Point>
    </Placemark>
    <Placemark>
      <name></name>
      <Point>
        <extrude>1</extrude>
        <altitudeMode>absolute</altitudeMode>
        <coordinates>-58.38595388338907,-34.68791599118582,2711.4664000000234</coordinates>
      </Point>
    </Placemark>
    <Placemark>
      <name></name>
      <Point>
        <extrude>1</extrude>
        <altitudeMode>absolute</altitudeMode>
        <coordinates>-58.38702603133759,-34.68784670292754,2719.0964000000236</coordinates>
      </Point>
    </Placemark>
    <Placemark>
      <name></name>
      <Point>
        <extrude>1</extrude>
        <altitudeMode>absolute</altitudeMode>
        <coordinates>-58.38809858459347,-34.68777737896624,2726.7264000000237</coordinates>
      </Point>
    </Placemark>
    <Placemark>
      <name></name>
      <Point>
        <extrude>1</extrude>
        <altitudeMode>absolute</altitudeMode>
        <coordinates>-58.38917154337338,-34.68770801927707,2734.3564000000238</coordinates>
      </Point>
    </Placemark>
    <Placemark>
      <name></name>
      <Point>
        <extrude>1</extrude>
        <altitudeMode>absolute</altitudeMode>
        <coordinates>-58.39024490789406,-34.68763862383524,2741.986400000024</coordinates>
      </Point>
    </Placemark>
    <Placemark>
      <name></name>
      <Point>
        <extrude>1</extrude>
        <altitudeMode>absolute</altitudeMode>
        <coordinates>-58.39131867837244,-34.68756919261588,2749.616400000024</coordinates>
      </Point>
    </Placemark>
    <Placemark>
      <name></name>
      <Point>
        <extrude>1</extrude>
        <altitudeMode>absolute</altitudeMode>
        <coordinates>-58.3923928550256,-34.68749972559412,2757.246400000024</coordinates>
      </Point>
    </Placemark>
    <Placemark>
      <name></name>
      <Point>
        <extrude>1</extrude>
        <altitudeMode>absolute</altitudeMode>
        <coordinates>-58.393467438070736,-34.687430222745064,2764.876400000024</coordinates>
      </Point>
    </Placemark>
    <Placemark>
      <name></name>
      <Point>
        <extrude>1</extrude>
        <altitudeMode>absolute</altitudeMode>
        <coordinates>-58.39454242772519,-34.68736068404379,2772.5064000000243</coordinates>
      </Point>
    </Placemark>
    <Placemark>
      <name></name>
      <Point>
        <extrude>1</extrude>
        <altitudeMode>absolute</altitudeMode>
        <coordinates>-58.39561782420646,-34.68729110946537,2780.1364000000244</coordinates>
      </Point>
    </Placemark>
    <Placemark>
      <name></name>
      <Point>
        <extrude>1</extrude>
        <altitudeMode>absolute</altitudeMode>
        <coordinates>-58.396693627732155,-34.68722149898483,2787.7664000000245</coordinates>
      </Point>
    </Placemark>
    <Placemark>
      <name></name>
      <Point>
        <extrude>1</extrude>
        <altitudeMode>absolute</altitudeMode>
        <coordinates>-58.39776983852008,-34.68715185257721,2795.3964000000246</coordinates>
      </Point>
    </Placemark>
    <Placemark>
      <name></name>
      <Point>
        <extrude>1</extrude>
        <altitudeMode>absolute</altitudeMode>
        <coordinates>-58.39884645678812,-34.6870821702175,2803.0264000000248</coordinates>
      </Point>
    </Placemark>
    <Placemark>
      <name></name>
      <Point>
        <extrude>1</extrude>
        <altitudeMode>absolute</altitudeMode>
        <coordinates>-58.39992348275435,-34.68701245188068,2810.656400000025</coordinates>
      </Point>
    </Placemark>
    <Placemark>
      <name></name>
      <Point>
        <extrude>1</extrude>
        <altitudeMode>absolute</altitudeMode>
        <coordinates>-58.40100091663698,-34.686942697541696,2818.286400000025</coordinates>
      </Point>
    </Placemark>
    <Placemark>
      <name></name>
      <Point>
        <extrude>1</extrude>
        <altitudeMode>absolute</altitudeMode>
        <coordinates>-58.402078758654355,-34.6868729071755,2825.916400000025</coordinates>
      </Point>
    </Placemark>
    <Placemark>
      <name></name>
      <Point>
        <extrude>1</extrude>
        <altitudeMode>absolute</altitudeMode>
        <coordinates>-58.40315700902494,-34.68680308075699,2833.546400000025</coordinates>
      </Point>
    </Placemark>
    <Placemark>
      <name></name>
      <Point>
        <extrude>1</extrude>
        <altitudeMode>absolute</altitudeMode>
        <coordinates>-58.40423566796738,-34.686733218261075,2841.1764000000253</coordinates>
      </Point>
    </Placemark>
    <Placemark>
      <name></name>
      <Point>
        <extrude>1</extrude>
        <altitudeMode>absolute</altitudeMode>
        <coordinates>-58.405314735700465,-34.68666331966263,2848.8064000000254</coordinates>
      </Point>
    </Placemark>
    <Placemark>
      <name></name>
      <Point>
        <extrude>1</extrude>
        <altitudeMode>absolute</altitudeMode>
        <coordinates>-58.4063942124431,-34.68659338493649,2856.4364000000255</coordinates>
      </Point>
    </Placemark>
    <Placemark>
      <name></name>
      <Point>
        <extrude>1</extrude>
        <altitudeMode>absolute</altitudeMode>
        <coordinates>-58.40747409841434,-34.68652341405748,2864.0664000000256</coordinates>
      </Point>
    </Placemark>
    <Placemark>
      <name></name>
      <Point>
        <extrude>1</extrude>
        <altitudeMode>absolute</altitudeMode>
        <coordinates>-58.40855439383339,-34.68645340700042,2871.6964000000257</coordinates>
      </Point>
    </Placemark>
    <Placemark>
      <name></name>
      <Point>
        <extrude>1</extrude>
        <altitudeMode>absolute</altitudeMode>
        <coordinates>-58.409635098919615,-34.686383363740106,2879.326400000026</coordinates>
      </Point>
    </Placemark>
    <Placemark>
      <name></name>
      <Point>
        <extrude>1</extrude>
        <altitudeMode>absolute</altitudeMode>
        <coordinates>-58.41071621389249,-34.68631328425128,2886.956400000026</coordinates>
      </Point>
    </Placemark>
    <Placemark>
      <name></name>
      <Point>
        <extrude>1</extrude>
        <altitudeMode>absolute</altitudeMode>
        <coordinates>-58.411797738971664,-34.68624316850871,2894.586400000026</coordinates>
      </Point>
    </Placemark>
    <Placemark>
      <name></name>
      <Point>
        <extrude>1</extrude>
        <altitudeMode>absolute</altitudeMode>
        <coordinates>-58.4128796743769,-34.686173016487096,2902.216400000026</coordinates>
      </Point>
    </Placemark>
    <Placemark>
      <name></name>
      <Point>
        <extrude>1</extrude>
        <altitudeMode>absolute</altitudeMode>
        <coordinates>-58.41396202032814,-34.68610282816115,2909.8464000000263</coordinates>
      </Point>
    </Placemark>
    <Placemark>
      <name></name>
      <Point>
        <extrude>1</extrude>
        <altitudeMode>absolute</altitudeMode>
        <coordinates>-58.41504477704546,-34.686032603505566,2917.4764000000264</coordinates>
      </Point>
    </Placemark>
    <Placemark>
      <name></name>
      <Point>
        <extrude>1</extrude>
        <altitudeMode>absolute</altitudeMode>
        <coordinates>-58.41612794474906,-34.68596234249497,2925.1064000000265</coordinates>
      </Point>
    </Placemark>
    <Placemark>
      <name></name>
      <Point>
        <extrude>1</extrude>
        <altitudeMode>absolute</altitudeMode>
        <coordinates>-58.417211523659276,-34.68589204510401,2932.7364000000266</coordinates>
      </Point>
    </Placemark>
    <Placemark>
      <name></name>
      <Point>
        <extrude>1</extrude>
        <altitudeMode>absolute</altitudeMode>
        <coordinates>-58.41829551399665,-34.68582171130732,2940.3664000000267</coordinates>
      </Point>
    </Placemark>
    <Placemark>
      <name></name>
      <Point>
        <extrude>1</extrude>
        <altitudeMode>absolute</altitudeMode>
        <coordinates>-58.4193799159818,-34.685751341079474,2947.996400000027</coordinates>
      </Point>
    </Placemark>
    <Placemark>
      <name></name>
      <Point>
        <extrude>1</extrude>
        <altitudeMode>absolute</altitudeMode>
        <coordinates>-58.42046472983553,-34.68568093439505,2955.626400000027</coordinates>
      </Point>
    </Placemark>
    <Placemark>
      <name></name>
      <Point>
        <extrude>1</extrude>
        <altitudeMode>absolute</altitudeMode>
        <coordinates>-58.42154995577878,-34.6856104912286,2963.256400000027</coordinates>
      </Point>
    </Placemark>
    <Placemark>
      <name></name>
      <Point>
        <extrude>1</extrude>
        <altitudeMode>absolute</altitudeMode>
        <coordinates>-58.422635594032606,-34.68554001155464,2970.886400000027</coordinates>
      </Point>
    </Placemark>
    <Placemark>
      <name></name>
      <Point>
        <extrude>1</extrude>
        <altitudeMode>absolute</altitudeMode>
        <coordinates>-58.423721644818265,-34.68546949534771,2978.5164000000273</coordinates>
      </Point>
    </Placemark>
    <Placemark>
      <name></name>
      <Point>
        <extrude>1</extrude>
        <altitudeMode>absolute</altitudeMode>
        <coordinates>-58.42480810835712,-34.68539894258225,2986.1464000000274</coordinates>
      </Point>
    </Placemark>
    <Placemark>
      <name></name>
      <Point>
        <extrude>1</extrude>
        <altitudeMode>absolute</altitudeMode>
        <coordinates>-58.425894984870666,-34.68532835323276,2993.7764000000275</coordinates>
      </Point>
    </Placemark>
    <Placemark>
      <name></name>
      <Point>
        <extrude>1</extrude>
        <altitudeMode>absolute</altitudeMode>
        <coordinates>-58.42698227458059,-34.68525772727367,3001.4064000000276</coordinates>
      </Point>
    </Placemark>
    <Placemark>
      <name></name>
      <Point>
        <extrude>1</extrude>
        <altitudeMode>absolute</altitudeMode>
        <coordinates>-58.42806997770867,-34.6851870646794,3009.0364000000277</coordinates>
      </Point>
    </Placemark>
    <Placemark>
      <name></name>
      <Point>
        <extrude>1</extrude>
        <altitudeMode>absolute</altitudeMode>
        <coordinates>-58.42915809447688,-34.68511636542434,3016.666400000028</coordinates>
      </Point>
    </Placemark>
    <Placemark>
      <name></name>
      <Point>
        <extrude>1</extrude>
        <altitudeMode>absolute</altitudeMode>
        <coordinates>-58.43024662510734,-34.68504562948288,3024.296400000028</coordinates>
      </Point>
    </Placemark>
    <Placemark>
      <name></name>
      <Point>
        <extrude>1</extrude>
        <altitudeMode>absolute</altitudeMode>
        <coordinates>-58.43133556982224,-34.68497485682936,3031.926400000028</coordinates>
      </Point>
    </Placemark>
    <Placemark>
      <name></name>
      <Point>
        <extrude>1</extrude>
        <altitudeMode>absolute</altitudeMode>
        <coordinates>-58.43242492884401,-34.68490404743813,3039.556400000028</coordinates>
      </Point>
    </Placemark>
    <Placemark>
      <name></name>
      <Point>
        <extrude>1</extrude>
        <altitudeMode>absolute</altitudeMode>
        <coordinates>-58.43351470239515,-34.684833201283496,3047.1864000000282</coordinates>
      </Point>
    </Placemark>
    <Placemark>
      <name></name>
      <Point>
        <extrude>1</extrude>
        <altitudeMode>absolute</altitudeMode>
        <coordinates>-58.43460489069839,-34.68476231833975,3054.8164000000284</coordinates>
      </Point>
    </Placemark>
    <Placemark>
      <name></name>
      <Point>
        <extrude>1</extrude>
        <altitudeMode>absolute</altitudeMode>
        <coordinates>-58.43569549397652,-34.68469139858115,3062.4464000000285</coordinates>
      </Point>
    </Placemark>
    <Placemark>
      <name></name>
      <Point>
        <extrude>1</extrude>
        <altitudeMode>absolute</altitudeMode>
        <coordinates>-58.436786512452514,-34.68462044198195,3070.0764000000286</coordinates>
      </Point>
    </Placemark>
    <Placemark>
      <name></name>
      <Point>
        <extrude>1</extrude>
        <altitudeMode>absolute</altitudeMode>
        <coordinates>-58.43787794634951,-34.68454944851637,3077.7064000000287</coordinates>
      </Point>
    </Placemark>
    <Placemark>
      <name></name>
      <Point>
        <extrude>1</extrude>
        <altitudeMode>absolute</altitudeMode>
        <coordinates>-58.438969795890756,-34.684478418158626,3085.336400000029</coordinates>
      </Point>
    </Placemark>
    <Placemark>
      <name></name>
      <Point>
        <extrude>1</extrude>
        <altitudeMode>absolute</altitudeMode>
        <coordinates>-58.44006206129968,-34.68440735088287,3092.966400000029</coordinates>
      </Point>
    </Placemark>
    <Placemark>
      <name></name>
      <Point>
        <extrude>1</extrude>
        <altitudeMode>absolute</altitudeMode>
        <coordinates>-58.44115474279983,-34.68433624666328,3100.596400000029</coordinates>
      </Point>
    </Placemark>
    <Placemark>
      <name></name>
      <Point>
        <extrude>1</extrude>
        <altitudeMode>absolute</altitudeMode>
        <coordinates>-58.442247840614925,-34.684265105474,3108.226400000029</coordinates>
      </Point>
    </Placemark>
    <Placemark>
      <name></name>
      <Point>
        <extrude>1</extrude>
        <altitudeMode>absolute</altitudeMode>
        <coordinates>-58.443341354968815,-34.684193927289115,3115.856400000029</coordinates>
      </Point>
    </Placemark>
    <Placemark>
      <name></name>
      <Point>
        <extrude>1</extrude>
        <altitudeMode>absolute</altitudeMode>
        <coordinates>-58.44443528608548,-34.684122712082754,3123.4864000000293</coordinates>
      </Point>
    </Placemark>
    <Placemark>
      <name></name>
      <Point>
        <extrude>1</extrude>
        <altitudeMode>absolute</altitudeMode>
        <coordinates>-58.445529634189086,-34.68405145982895,3131.1164000000294</coordinates>
      </Point>
    </Placemark>
    <Placemark>
      <name></name>
      <Point>
        <extrude>1</extrude>
        <altitudeMode>absolute</altitudeMode>
        <coordinates>-58.446624399503925,-34.68398017050178,3138.7464000000296</coordinates>
      </Point>
    </Placemark>
    <Placemark>
      <name></name>
      <Point>
        <extrude>1</extrude>
        <altitudeMode>absolute</altitudeMode>
        <coordinates>-58.44771958225444,-34.683908844075255,3146.3764000000297</coordinates>
      </Point>
    </Placemark>
    <Placemark>
      <name></name>
      <Point>
        <extrude>1</extrude>
        <altitudeMode>absolute</altitudeMode>
        <coordinates>-58.44881518266521,-34.683837480523394,3154.0064000000298</coordinates>
      </Point>
    </Placemark>
    <Placemark>
      <name></name>
      <Point>
        <extrude>1</extrude>
        <altitudeMode>absolute</altitudeMode>
        <coordinates>-58.449911200960976,-34.68376607982015,3161.63640000003</coordinates>
      </Point>
    </Placemark>
    <Placemark>
      <name></name>
      <Point>
        <extrude>1</extrude>
        <altitudeMode>absolute</altitudeMode>
        <coordinates>-58.45100763736662,-34.68369464193951,3169.26640000003</coordinates>
      </Point>
    </Placemark>
    <Placemark>
      <name></name>
      <Point>
        <extrude>1</extrude>
        <altitudeMode>absolute</altitudeMode>
        <coordinates>-58.45210449210717,-34.68362316685542,3176.89640000003</coordinates>
      </Point>
    </Placemark>
    <Placemark>
      <name></name>
      <Point>
        <extrude>1</extrude>
        <altitudeMode>absolute</altitudeMode>
        <coordinates>-58.45320176540781,-34.68355165454175,3184.52640000003</coordinates>
      </Point>
    </Placemark>
    <Placemark>
      <name></name>
      <Point>
        <extrude>1</extrude>
        <altitudeMode>absolute</altitudeMode>
        <coordinates>-58.45429945749387,-34.68348010497243,3192.1564000000303</coordinates>
      </Point>
    </Placemark>
    <Placemark>
      <name></name>
      <Point>
        <extrude>1</extrude>
        <altitudeMode>absolute</altitudeMode>
        <coordinates>-58.45539756859081,-34.683408518121325,3199.7864000000304</coordinates>
      </Point>
    </Placemark>
    <Placemark>
      <name></name>
      <Point>
        <extrude>1</extrude>
        <altitudeMode>absolute</altitudeMode>
        <coordinates>-58.45649609892427,-34.68333689396228,3207.4164000000305</coordinates>
      </Point>
    </Placemark>
    <Placemark>
      <name></name>
      <Point>
        <extrude>1</extrude>
        <altitudeMode>absolute</altitudeMode>
        <coordinates>-58.457595048720016,-34.68326523246912,3215.0464000000306</coordinates>
      </Point>
    </Placemark>
    <Placemark>
      <name></name>
      <Point>
        <extrude>1</extrude>
        <altitudeMode>absolute</altitudeMode>
        <coordinates>-58.45869441820396,-34.68319353361564,3222.6764000000308</coordinates>
      </Point>
    </Placemark>
    <Placemark>
      <name></name>
      <Point>
        <extrude>1</extrude>
        <altitudeMode>absolute</altitudeMode>
        <coordinates>-58.45979420760217,-34.683121797375634,3230.306400000031</coordinates>
      </Point>
    </Placemark>
    <Placemark>
      <name></name>
      <Point>
        <extrude>1</extrude>
        <altitudeMode>absolute</altitudeMode>
        <coordinates>-58.460894417140864,-34.68305002372286,3237.936400000031</coordinates>
      </Point>
    </Placemark>
    <Placemark>
      <name></name>
      <Point>
        <extrude>1</extrude>
        <altitudeMode>absolute</altitudeMode>
        <coordinates>-58.461995047046415,-34.68297821263106,3245.566400000031</coordinates>
      </Point>
    </Placemark>
    <Placemark>
      <name></name>
      <Point>
        <extrude>1</extrude>
        <altitudeMode>absolute</altitudeMode>
        <coordinates>-58.463096097545325,-34.68290636407396,3253.196400000031</coordinates>
      </Point>
    </Placemark>
    <Placemark>
      <name></name>
      <Point>
        <extrude>1</extrude>
        <altitudeMode>absolute</altitudeMode>
        <coordinates>-58.46419756886426,-34.6828344780252,3260.8264000000313</coordinates>
      </Point>
    </Placemark>
    <Placemark>
      <name></name>
      <Point>
        <extrude>1</extrude>
        <altitudeMode>absolute</altitudeMode>
        <coordinates>-58.46529946123002,-34.6827625544585,3268.4564000000314</coordinates>
      </Point>
    </Placemark>
    <Placemark>
      <name></name>
      <Point>
        <extrude>1</extrude>
        <altitudeMode>absolute</altitudeMode>
        <coordinates>-58.46640177486959,-34.682690593347495,3276.0864000000315</coordinates>
      </Point>
    </Placemark>
    <Placemark>
      <name></name>
      <Point>
        <extrude>1</extrude>
        <altitudeMode>absolute</altitudeMode>
        <coordinates>-58.46750451001005,-34.682618594665804,3283.7164000000316</coordinates>
      </Point>
    </Placemark>
    <Placemark>
      <name></name>
      <Point>
        <extrude>1</extrude>
        <altitudeMode>absolute</altitudeMode>
        <coordinates>-58.46860766687867,-34.68254655838704,3291.3464000000317</coordinates>
      </Point>
    </Placemark>
    <Placemark>
      <name></name>
      <Point>
        <extrude>1</extrude>
        <altitudeMode>absolute</altitudeMode>
        <coordinates>-58.46971124570287,-34.68247448448475,3298.976400000032</coordinates>
      </Point>
    </Placemark>
    <Placemark>
      <name></name>
      <Point>
        <extrude>1</extrude>
        <altitudeMode>absolute</altitudeMode>
        <coordinates>-58.47081524671019,-34.68240237293253,3306.606400000032</coordinates>
      </Point>
    </Placemark>
    <Placemark>
      <name></name>
      <Point>
        <extrude>1</extrude>
        <altitudeMode>absolute</altitudeMode>
        <coordinates>-58.47191967012832,-34.68233022370391,3314.236400000032</coordinates>
      </Point>
    </Placemark>
    <Placemark>
      <name></name>
      <Point>
        <extrude>1</extrude>
        <altitudeMode>absolute</altitudeMode>
        <coordinates>-58.47302451618517,-34.68225803677238,3321.866400000032</coordinates>
      </Point>
    </Placemark>
    <Placemark>
      <name></name>
      <Point>
        <extrude>1</extrude>
        <altitudeMode>absolute</altitudeMode>
        <coordinates>-58.474129785108694,-34.68218581211144,3329.4964000000323</coordinates>
      </Point>
    </Placemark>
    <Placemark>
      <name></name>
      <Point>
        <extrude>1</extrude>
        <altitudeMode>absolute</altitudeMode>
        <coordinates>-58.47523547712707,-34.68211354969457,3337.1264000000324</coordinates>
      </Point>
    </Placemark>
    <Placemark>
      <name></name>
      <Point>
        <extrude>1</extrude>
        <altitudeMode>absolute</altitudeMode>
        <coordinates>-58.476341592468586,-34.6820412494952,3344.7564000000325</coordinates>
      </Point>
    </Placemark>
    <Placemark>
      <name></name>
      <Point>
        <extrude>1</extrude>
        <altitudeMode>absolute</altitudeMode>
        <coordinates>-58.47744813136172,-34.68196891148675,3352.3864000000326</coordinates>
      </Point>
    </Placemark>
    <Placemark>
      <name></name>
      <Point>
        <extrude>1</extrude>
        <altitudeMode>absolute</altitudeMode>
        <coordinates>-58.47855509403506,-34.681896535642615,3360.0164000000327</coordinates>
      </Point>
    </Placemark>
    <Placemark>
      <name></name>
      <Point>
        <extrude>1</extrude>
        <altitudeMode>absolute</altitudeMode>
        <coordinates>-58.479662480717366,-34.681824121936195,3367.646400000033</coordinates>
      </Point>
    </Placemark>
    <Placemark>
      <name></name>
      <Point>
        <extrude>1</extrude>
        <altitudeMode>absolute</altitudeMode>
        <coordinates>-58.48077029163755,-34.681751670340816,3375.276400000033</coordinates>
      </Point>
    </Placemark>
    <Placemark>
      <name></name>
      <Point>
        <extrude>1</extrude>
        <altitudeMode>absolute</altitudeMode>
        <coordinates>-58.48187852702465,-34.68167918082984,3382.906400000033</coordinates>
      </Point>
    </Placemark>
    <Placemark>
      <name></name>
      <Point>
        <extrude>1</extrude>
        <altitudeMode>absolute</altitudeMode>
        <coordinates>-58.4829871871079,-34.681606653376534,3390.536400000033</coordinates>
      </Point>
    </Placemark>
    <Placemark>
      <name></name>
      <Point>
        <extrude>1</extrude>
        <altitudeMode>absolute</altitudeMode>
        <coordinates>-58.48409627211663,-34.68153408795421,3398.1664000000333</coordinates>
      </Point>
    </Placemark>
    <Placemark>
      <name></name>
      <Point>
        <extrude>1</extrude>
        <altitudeMode>absolute</altitudeMode>
        <coordinates>-58.485205782280374,-34.68146148453613,3405.7964000000334</coordinates>
      </Point>
    </Placemark>
    <Placemark>
      <name></name>
      <Point>
        <extrude>1</extrude>
        <altitudeMode>absolute</altitudeMode>
        <coordinates>-58.486315717828774,-34.68138884309552,3413.4264000000335</coordinates>
      </Point>
    </Placemark>
    <Placemark>
      <name></name>
      <Point>
        <extrude>1</extrude>
        <altitudeMode>absolute</altitudeMode>
        <coordinates>-58.48742607899163,-34.68131616360562,3421.0564000000336</coordinates>
      </Point>
    </Placemark>
    <Placemark>
      <name></name>
      <Point>
        <extrude>1</extrude>
        <altitudeMode>absolute</altitudeMode>
        <coordinates>-58.488536865998924,-34.6812434460396,3428.6864000000337</coordinates>
      </Point>
    </Placemark>
    <Placemark>
      <name></name>
      <Point>
        <extrude>1</extrude>
        <altitudeMode>absolute</altitudeMode>
        <coordinates>-58.48964807908076,-34.681170690370635,3436.316400000034</coordinates>
      </Point>
    </Placemark>
    <Placemark>
      <name></name>
      <Point>
        <extrude>1</extrude>
        <altitudeMode>absolute</altitudeMode>
        <coordinates>-58.4907597184674,-34.68109789657188,3443.946400000034</coordinates>
      </Point>
    </Placemark>
    <Placemark>
      <name></name>
      <Point>
        <extrude>1</extrude>
        <altitudeMode>absolute</altitudeMode>
        <coordinates>-58.49187178438927,-34.68102506461646,3451.576400000034</coordinates>
      </Point>
    </Placemark>
    <Placemark>
      <name></name>
      <Point>
        <extrude>1</extrude>
        <altitudeMode>absolute</altitudeMode>
        <coordinates>-58.492984277076914,-34.68095219447748,3459.206400000034</coordinates>
      </Point>
    </Placemark>
    <Placemark>
      <name></name>
      <Point>
        <extrude>1</extrude>
        <altitudeMode>absolute</altitudeMode>
        <coordinates>-58.494097196761054,-34.680879286128,3466.8364000000342</coordinates>
      </Point>
    </Placemark>
    <Placemark>
      <name></name>
      <Point>
        <extrude>1</extrude>
        <altitudeMode>absolute</altitudeMode>
        <coordinates>-58.495210543672584,-34.68080633954109,3474.4664000000344</coordinates>
      </Point>
    </Placemark>
    <Placemark>
      <name></name>
      <Point>
        <extrude>1</extrude>
        <altitudeMode>absolute</altitudeMode>
        <coordinates>-58.4963243180425,-34.68073335468979,3482.0964000000345</coordinates>
      </Point>
    </Placemark>
    <Placemark>
      <name></name>
      <Point>
        <extrude>1</extrude>
        <altitudeMode>absolute</altitudeMode>
        <coordinates>-58.49743852010198,-34.6806603315471,3489.7264000000346</coordinates>
      </Point>
    </Placemark>
    <Placemark>
      <name></name>
      <Point>
        <extrude>1</extrude>
        <altitudeMode>absolute</altitudeMode>
        <coordinates>-58.49855315008235,-34.680587270086,3497.3564000000347</coordinates>
      </Point>
    </Placemark>
    <Placemark>
      <name></name>
      <Point>
        <extrude>1</extrude>
        <altitudeMode>absolute</altitudeMode>
        <coordinates>-58.499668208215084,-34.68051417027948,3504.986400000035</coordinates>
      </Point>
    </Placemark>
    <Placemark>
      <name></name>
      <Point>
        <extrude>1</extrude>
        <altitudeMode>absolute</altitudeMode>
        <coordinates>-58.50078369473183,-34.68044103210044,3512.616400000035</coordinates>
      </Point>
    </Placemark>
    <Placemark>
      <name></name>
      <Point>
        <extrude>1</extrude>
        <altitudeMode>absolute</altitudeMode>
        <coordinates>-58.50189960986434,-34.68036785552184,3520.246400000035</coordinates>
      </Point>
    </Placemark>
    <Placemark>
      <name></name>
      <Point>
        <extrude>1</extrude>
        <altitudeMode>absolute</altitudeMode>
        <coordinates>-58.50301595384457,-34.68029464051655,3527.876400000035</coordinates>
      </Point>
    </Placemark>
    <Placemark>
      <name></name>
      <Point>
        <extrude>1</extrude>
        <altitudeMode>absolute</altitudeMode>
        <coordinates>-58.50413272690461,-34.680221387057436,3535.5064000000352</coordinates>
      </Point>
    </Placemark>
    <Placemark>
      <name></name>
      <Point>
        <extrude>1</extrude>
        <altitudeMode>absolute</altitudeMode>
        <coordinates>-58.50524992927667,-34.68014809511736,3543.1364000000353</coordinates>
      </Point>
    </Placemark>
    <Placemark>
      <name></name>
      <Point>
        <extrude>1</extrude>
        <altitudeMode>absolute</altitudeMode>
        <coordinates>-58.50636756119317,-34.68007476466914,3550.7664000000354</coordinates>
      </Point>
    </Placemark>
    <Placemark>
      <name></name>
      <Point>
        <extrude>1</extrude>
        <altitudeMode>absolute</altitudeMode>
        <coordinates>-58.50748562288664,-34.680001395685586,3558.3964000000356</coordinates>
      </Point>
    </Placemark>
    <Placemark>
      <name></name>
      <Point>
        <extrude>1</extrude>
        <altitudeMode>absolute</altitudeMode>
        <coordinates>-58.50860411458979,-34.67992798813946,3566.0264000000357</coordinates>
      </Point>
    </Placemark>
    <Placemark>
      <name></name>
      <Point>
        <extrude>1</extrude>
        <altitudeMode>absolute</altitudeMode>
        <coordinates>-58.50972303653546,-34.67985454200352,3573.656400000036</coordinates>
      </Point>
    </Placemark>
    <Placemark>
      <name></name>
      <Point>
        <extrude>1</extrude>
        <altitudeMode>absolute</altitudeMode>
        <coordinates>-58.510842388956654,-34.679781057250516,3581.286400000036</coordinates>
      </Point>
    </Placemark>
    <Placemark>
      <name></name>
      <Point>
        <extrude>1</extrude>
        <altitudeMode>absolute</altitudeMode>
        <coordinates>-58.51196217208653,-34.67970753385313,3588.916400000036</coordinates>
      </Point>
    </Placemark>
    <Placemark>
      <name></name>
      <Point>
        <extrude>1</extrude>
        <altitudeMode>absolute</altitudeMode>
        <coordinates>-58.51308238615841,-34.679633971784064,3596.546400000036</coordinates>
      </Point>
    </Placemark>
    <Placemark>
      <name></name>
      <Point>
        <extrude>1</extrude>
        <altitudeMode>absolute</altitudeMode>
        <coordinates>-58.51420303140573,-34.67956037101598,3604.176400000036</coordinates>
      </Point>
    </Placemark>
    <Placemark>
      <name></name>
      <Point>
        <extrude>1</extrude>
        <altitudeMode>absolute</altitudeMode>
        <coordinates>-58.51532410806214,-34.6794867315215,3611.8064000000363</coordinates>
      </Point>
    </Placemark>
    <Placemark>
      <name></name>
      <Point>
        <extrude>1</extrude>
        <altitudeMode>absolute</altitudeMode>
        <coordinates>-58.516445616361395,-34.67941305327326,3619.4364000000364</coordinates>
      </Point>
    </Placemark>
    <Placemark>
      <name></name>
      <Point>
        <extrude>1</extrude>
        <altitudeMode>absolute</altitudeMode>
        <coordinates>-58.51756755653742,-34.679339336243835,3627.0664000000365</coordinates>
      </Point>
    </Placemark>
    <Placemark>
      <name></name>
      <Point>
        <extrude>1</extrude>
        <altitudeMode>absolute</altitudeMode>
        <coordinates>-58.51868992882429,-34.67926558040579,3634.6964000000366</coordinates>
      </Point>
    </Placemark>
    <Placemark>
      <name></name>
      <Point>
        <extrude>1</extrude>
        <altitudeMode>absolute</altitudeMode>
        <coordinates>-58.51981273345625,-34.67919178573168,3642.3264000000368</coordinates>
      </Point>
    </Placemark>
    <Placemark>
      <name></name>
      <Point>
        <extrude>1</extrude>
        <altitudeMode>absolute</altitudeMode>
        <coordinates>-58.52093597066767,-34.67911795219402,3649.956400000037</coordinates>
      </Point>
    </Placemark>
    <Placemark>
      <name></name>
      <Point>
        <extrude>1</extrude>
        <altitudeMode>absolute</altitudeMode>
        <coordinates>-58.52205964069311,-34.679044079765305,3657.586400000037</coordinates>
      </Point>
    </Placemark>
    <Placemark>
      <name></name>
      <Point>
        <extrude>1</extrude>
        <altitudeMode>absolute</altitudeMode>
        <coordinates>-58.523183743767255,-34.67897016841801,3665.216400000037</coordinates>
      </Point>
    </Placemark>
    <Placemark>
      <name></name>
      <Point>
        <extrude>1</extrude>
        <altitudeMode>absolute</altitudeMode>
        <coordinates>-58.52430828012495,-34.67889621812459,3672.846400000037</coordinates>
      </Point>
    </Placemark>
    <Placemark>
      <name></name>
      <Point>
        <extrude>1</extrude>
        <altitudeMode>absolute</altitudeMode>
        <coordinates>-58.52543325000121,-34.67882222885746,3680.4764000000373</coordinates>
      </Point>
    </Placemark>
    <Placemark>
      <name></name>
      <Point>
        <extrude>1</extrude>
        <altitudeMode>absolute</altitudeMode>
        <coordinates>-58.52655865363119,-34.67874820058905,3688.1064000000374</coordinates>
      </Point>
    </Placemark>
    <Placemark>
      <name></name>
      <Point>
        <extrude>1</extrude>
        <altitudeMode>absolute</altitudeMode>
        <coordinates>-58.52768449125019,-34.67867413329169,3695.7364000000375</coordinates>
      </Point>
    </Placemark>
    <Placemark>
      <name></name>
      <Point>
        <extrude>1</extrude>
        <altitudeMode>absolute</altitudeMode>
        <coordinates>-58.5288107630937,-34.67860002693778,3703.3664000000376</coordinates>
      </Point>
    </Placemark>
    <Placemark>
      <name></name>
      <Point>
        <extrude>1</extrude>
        <altitudeMode>absolute</altitudeMode>
        <coordinates>-58.52993925905895,-34.67852576371858,3709.646400000038</coordinates>
      </Point>
    </Placemark>
    <Placemark>
      <name></name>
      <Point>
        <extrude>1</extrude>
        <altitudeMode>absolute</altitudeMode>
        <coordinates>-58.53107018417422,-34.67845133007655,3715.926400000038</coordinates>
      </Point>
    </Placemark>
    <Placemark>
      <name></name>
      <Point>
        <extrude>1</extrude>
        <altitudeMode>absolute</altitudeMode>
        <coordinates>-58.53220353715766,-34.67837672602791,3722.2064000000382</coordinates>
      </Point>
    </Placemark>
    <Placemark>
      <name></name>
      <Point>
        <extrude>1</extrude>
        <altitudeMode>absolute</altitudeMode>
        <coordinates>-58.53333931672614,-34.67830195158882,3728.4864000000384</coordinates>
      </Point>
    </Placemark>
    <Placemark>
      <name></name>
      <Point>
        <extrude>1</extrude>
        <altitudeMode>absolute</altitudeMode>
        <coordinates>-58.53447752159521,-34.67822700677543,3734.7664000000386</coordinates>
      </Point>
    </Placemark>
    <Placemark>
      <name></name>
      <Point>
        <extrude>1</extrude>
        <altitudeMode>absolute</altitudeMode>
        <coordinates>-58.53561815047915,-34.67815189160393,3741.046400000039</coordinates>
      </Point>
    </Placemark>
    <Placemark>
      <name></name>
      <Point>
        <extrude>1</extrude>
        <altitudeMode>absolute</altitudeMode>
        <coordinates>-58.53676120209092,-34.678076606090436,3747.326400000039</coordinates>
      </Point>
    </Placemark>
    <Placemark>
      <name></name>
      <Point>
        <extrude>1</extrude>
        <altitudeMode>absolute</altitudeMode>
        <coordinates>-58.53790667514218,-34.67800115025109,3753.6064000000392</coordinates>
      </Point>
    </Placemark>
    <Placemark>
      <name></name>
      <Point>
        <extrude>1</extrude>
        <altitudeMode>absolute</altitudeMode>
        <coordinates>-58.53905456834331,-34.677925524101994,3759.8864000000394</coordinates>
      </Point>
    </Placemark>
    <Placemark>
      <name></name>
      <Point>
        <extrude>1</extrude>
        <altitudeMode>absolute</altitudeMode>
        <coordinates>-58.540204880403365,-34.67784972765926,3766.1664000000396</coordinates>
      </Point>
    </Placemark>
    <Placemark>
      <name></name>
      <Point>
        <extrude>1</extrude>
        <altitudeMode>absolute</altitudeMode>
        <coordinates>-58.54135761003011,-34.67777376093898,3772.44640000004</coordinates>
      </Point>
    </Placemark>
    <Placemark>
      <name></name>
      <Point>
        <extrude>1</extrude>
        <altitudeMode>absolute</altitudeMode>
        <coordinates>-58.542512755930005,-34.67769762395726,3778.72640000004</coordinates>
      </Point>
    </Placemark>
    <Placemark>
      <name></name>
      <Point>
        <extrude>1</extrude>
        <altitudeMode>absolute</altitudeMode>
        <coordinates>-58.54367031680821,-34.67762131673015,3785.0064000000402</coordinates>
      </Point>
    </Placemark>
    <Placemark>
      <name></name>
      <Point>
        <extrude>1</extrude>
        <altitudeMode>absolute</altitudeMode>
        <coordinates>-58.544830291368605,-34.67754483927373,3791.2864000000404</coordinates>
      </Point>
    </Placemark>
    <Placemark>
      <name></name>
      <Point>
        <extrude>1</extrude>
        <altitudeMode>absolute</altitudeMode>
        <coordinates>-58.545992678313716,-34.67746819160405,3797.5664000000406</coordinates>
      </Point>
    </Placemark>
    <Placemark>
      <name></name>
      <Point>
        <extrude>1</extrude>
        <altitudeMode>absolute</altitudeMode>
        <coordinates>-58.54715747634481,-34.67739137373717,3803.846400000041</coordinates>
      </Point>
    </Placemark>
    <Placemark>
      <name></name>
      <Point>
        <extrude>1</extrude>
        <altitudeMode>absolute</altitudeMode>
        <coordinates>-58.54832468416183,-34.6773143856891,3810.126400000041</coordinates>
      </Point>
    </Placemark>
    <Placemark>
      <name></name>
      <Point>
        <extrude>1</extrude>
        <altitudeMode>absolute</altitudeMode>
        <coordinates>-58.54949430046341,-34.67723722747591,3816.4064000000412</coordinates>
      </Point>
    </Placemark>
    <Placemark>
      <name></name>
      <Point>
        <extrude>1</extrude>
        <altitudeMode>absolute</altitudeMode>
        <coordinates>-58.550666323946906,-34.67715989911359,3822.6864000000414</coordinates>
      </Point>
    </Placemark>
    <Placemark>
      <name></name>
      <Point>
        <extrude>1</extrude>
        <altitudeMode>absolute</altitudeMode>
        <coordinates>-58.551840753308355,-34.67708240061816,3828.9664000000416</coordinates>
      </Point>
    </Placemark>
    <Placemark>
      <name></name>
      <Point>
        <extrude>1</extrude>
        <altitudeMode>absolute</altitudeMode>
        <coordinates>-58.55301758724247,-34.67700473200565,3835.246400000042</coordinates>
      </Point>
    </Placemark>
    <Placemark>
      <name>flyby-StartOfDescentRamp</name>
      <Point>
        <extrude>1</extrude>
        <altitudeMode>absolute</altitudeMode>
        <coordinates>-58.55419682444267,-34.676926893292034,3841.526400000042</coordinates>
      </Point>
    </Placemark>
    <Placemark>
      <name></name>
      <Point>
        <extrude>1</extrude>
        <altitudeMode>absolute</altitudeMode>
        <coordinates>-58.555354757049486,-34.67689167919958,3847.8064000000422</coordinates>
      </Point>
    </Placemark>
    <Placemark>
      <name></name>
      <Point>
        <extrude>1</extrude>
        <altitudeMode>absolute</altitudeMode>
        <coordinates>-58.55654259721818,-34.676895886983246,3854.0864000000424</coordinates>
      </Point>
    </Placemark>
    <Placemark>
      <name></name>
      <Point>
        <extrude>1</extrude>
        <altitudeMode>absolute</altitudeMode>
        <coordinates>-58.55773156393904,-34.67694151979231,3860.3664000000426</coordinates>
      </Point>
    </Placemark>
    <Placemark>
      <name></name>
      <Point>
        <extrude>1</extrude>
        <altitudeMode>absolute</altitudeMode>
        <coordinates>-58.5589195079544,-34.677028746856806,3866.646400000043</coordinates>
      </Point>
    </Placemark>
    <Placemark>
      <name></name>
      <Point>
        <extrude>1</extrude>
        <altitudeMode>absolute</altitudeMode>
        <coordinates>-58.56010426024751,-34.67715766170966,3872.926400000043</coordinates>
      </Point>
    </Placemark>
    <Placemark>
      <name></name>
      <Point>
        <extrude>1</extrude>
        <altitudeMode>absolute</altitudeMode>
        <coordinates>-58.56128363595067,-34.67732828095501,3879.2064000000432</coordinates>
      </Point>
    </Placemark>
    <Placemark>
      <name></name>
      <Point>
        <extrude>1</extrude>
        <altitudeMode>absolute</altitudeMode>
        <coordinates>-58.56245543835345,-34.677540543170295,3885.4864000000434</coordinates>
      </Point>
    </Placemark>
    <Placemark>
      <name></name>
      <Point>
        <extrude>1</extrude>
        <altitudeMode>absolute</altitudeMode>
        <coordinates>-58.56361746300473,-34.67779430794748,3891.7664000000436</coordinates>
      </Point>
    </Placemark>
    <Placemark>
      <name></name>
      <Point>
        <extrude>1</extrude>
        <altitudeMode>absolute</altitudeMode>
        <coordinates>-58.564767501902026,-34.67808935507814,3898.046400000044</coordinates>
      </Point>
    </Placemark>
    <Placemark>
      <name></name>
      <Point>
        <extrude>1</extrude>
        <altitudeMode>absolute</altitudeMode>
        <coordinates>-58.565903347760525,-34.6784253838872,3904.326400000044</coordinates>
      </Point>
    </Placemark>
    <Placemark>
      <name></name>
      <Point>
        <extrude>1</extrude>
        <altitudeMode>absolute</altitudeMode>
        <coordinates>-58.56702279835483,-34.67880201271971,3910.6064000000442</coordinates>
      </Point>
    </Placemark>
    <Placemark>
      <name></name>
      <Point>
        <extrude>1</extrude>
        <altitudeMode>absolute</altitudeMode>
        <coordinates>-58.56812366092532,-34.67921877858502,3916.8864000000444</coordinates>
      </Point>
    </Placemark>
    <Placemark>
      <name></name>
      <Point>
        <extrude>1</extrude>
        <altitudeMode>absolute</altitudeMode>
        <coordinates>-58.56920375664144,-34.67967513696231,3923.1664000000446</coordinates>
      </Point>
    </Placemark>
    <Placemark>
      <name></name>
      <Point>
        <extrude>1</extrude>
        <altitudeMode>absolute</altitudeMode>
        <coordinates>-58.570260925112905,-34.68017046177114,3929.446400000045</coordinates>
      </Point>
    </Placemark>
    <Placemark>
      <name></name>
      <Point>
        <extrude>1</extrude>
        <altitudeMode>absolute</altitudeMode>
        <coordinates>-58.57129302894066,-34.68070404551048,3935.726400000045</coordinates>
      </Point>
    </Placemark>
    <Placemark>
      <name></name>
      <Point>
        <extrude>1</extrude>
        <altitudeMode>absolute</altitudeMode>
        <coordinates>-58.57229795829804,-34.68127509956941,3942.0064000000452</coordinates>
      </Point>
    </Placemark>
    <Placemark>
      <name></name>
      <Point>
        <extrude>1</extrude>
        <altitudeMode>absolute</altitudeMode>
        <coordinates>-58.573273635533354,-34.681882754712184,3948.2864000000454</coordinates>
      </Point>
    </Placemark>
    <Placemark>
      <name></name>
      <Point>
        <extrude>1</extrude>
        <altitudeMode>absolute</altitudeMode>
        <coordinates>-58.57421801978387,-34.68252606174025,3954.5664000000456</coordinates>
      </Point>
    </Placemark>
    <Placemark>
      <name></name>
      <Point>
        <extrude>1</extrude>
        <altitudeMode>absolute</altitudeMode>
        <coordinates>-58.57512911159144,-34.68320399233327,3960.846400000046</coordinates>
      </Point>
    </Placemark>
    <Placemark>
      <name></name>
      <Point>
        <extrude>1</extrude>
        <altitudeMode>absolute</altitudeMode>
        <coordinates>-58.57600495750998,-34.68391544007104,3967.126400000046</coordinates>
      </Point>
    </Placemark>
    <Placemark>
      <name></name>
      <Point>
        <extrude>1</extrude>
        <altitudeMode>absolute</altitudeMode>
        <coordinates>-58.57684365469416,-34.68465922163747,3973.4064000000462</coordinates>
      </Point>
    </Placemark>
    <Placemark>
      <name></name>
      <Point>
        <extrude>1</extrude>
        <altitudeMode>absolute</altitudeMode>
        <coordinates>-58.57764335545903,-34.68543407820786,3979.6864000000464</coordinates>
      </Point>
    </Placemark>
    <Placemark>
      <name></name>
      <Point>
        <extrude>1</extrude>
        <altitudeMode>absolute</altitudeMode>
        <coordinates>-58.57840227179969,-34.686238677020036,3985.9664000000466</coordinates>
      </Point>
    </Placemark>
    <Placemark>
      <name></name>
      <Point>
        <extrude>1</extrude>
        <altitudeMode>absolute</altitudeMode>
        <coordinates>-58.5791186798605,-34.687071613129326,3992.246400000047</coordinates>
      </Point>
    </Placemark>
    <Placemark>
      <name></name>
      <Point>
        <extrude>1</extrude>
        <altitudeMode>absolute</altitudeMode>
        <coordinates>-58.57979092434263,-34.68793141134751,3998.526400000047</coordinates>
      </Point>
    </Placemark>
    <Placemark>
      <name></name>
      <Point>
        <extrude>1</extrude>
        <altitudeMode>absolute</altitudeMode>
        <coordinates>-58.58041742283878,-34.68881652836476,4004.8064000000472</coordinates>
      </Point>
    </Placemark>
    <Placemark>
      <name></name>
      <Point>
        <extrude>1</extrude>
        <altitudeMode>absolute</altitudeMode>
        <coordinates>-58.58099667008429,-34.68972535505353,4011.0864000000474</coordinates>
      </Point>
    </Placemark>
    <Placemark>
      <name></name>
      <Point>
        <extrude>1</extrude>
        <altitudeMode>absolute</altitudeMode>
        <coordinates>-58.58152724211291,-34.69065621895308,4017.3664000000476</coordinates>
      </Point>
    </Placemark>
    <Placemark>
      <name></name>
      <Point>
        <extrude>1</extrude>
        <altitudeMode>absolute</altitudeMode>
        <coordinates>-58.58200780030637,-34.6916073869322,4023.646400000048</coordinates>
      </Point>
    </Placemark>
    <Placemark>
      <name></name>
      <Point>
        <extrude>1</extrude>
        <altitudeMode>absolute</altitudeMode>
        <coordinates>-58.58243709532621,-34.69257706802793,4029.926400000048</coordinates>
      </Point>
    </Placemark>
    <Placemark>
      <name></name>
      <Point>
        <extrude>1</extrude>
        <altitudeMode>absolute</altitudeMode>
        <coordinates>-58.58281397091673,-34.69356341645736,4036.2064000000482</coordinates>
      </Point>
    </Placemark>
    <Placemark>
      <name></name>
      <Point>
        <extrude>1</extrude>
        <altitudeMode>absolute</altitudeMode>
        <coordinates>-58.58313736756776,-34.694564534798786,4042.4864000000484</coordinates>
      </Point>
    </Placemark>
    <Placemark>
      <name></name>
      <Point>
        <extrude>1</extrude>
        <altitudeMode>absolute</altitudeMode>
        <coordinates>-58.583406326026136,-34.69557847733857,4048.7664000000486</coordinates>
      </Point>
    </Placemark>
    <Placemark>
      <name></name>
      <Point>
        <extrude>1</extrude>
        <altitudeMode>absolute</altitudeMode>
        <coordinates>-58.583619990644905,-34.69660325357918,4055.046400000049</coordinates>
      </Point>
    </Placemark>
    <Placemark>
      <name></name>
      <Point>
        <extrude>1</extrude>
        <altitudeMode>absolute</altitudeMode>
        <coordinates>-58.583777612559174,-34.69763683190354,4061.326400000049</coordinates>
      </Point>
    </Placemark>
    <Placemark>
      <name></name>
      <Point>
        <extrude>1</extrude>
        <altitudeMode>absolute</altitudeMode>
        <coordinates>-58.583878552678,-34.69867714339035,4067.6064000000492</coordinates>
      </Point>
    </Placemark>
    <Placemark>
      <name></name>
      <Point>
        <extrude>1</extrude>
        <altitudeMode>absolute</altitudeMode>
        <coordinates>-58.5839222844817,-34.69972208577445,4073.8864000000494</coordinates>
      </Point>
    </Placemark>
    <Placemark>
      <name></name>
      <Point>
        <extrude>1</extrude>
        <altitudeMode>absolute</altitudeMode>
        <coordinates>-58.583908396614305,-34.700769527545965,4080.1664000000496</coordinates>
      </Point>
    </Placemark>
    <Placemark>
      <name></name>
      <Point>
        <extrude>1</extrude>
        <altitudeMode>absolute</altitudeMode>
        <coordinates>-58.583836595260934,-34.7018173121814,4086.44640000005</coordinates>
      </Point>
    </Placemark>
    <Placemark>
      <name></name>
      <Point>
        <extrude>1</extrude>
        <altitudeMode>absolute</altitudeMode>
        <coordinates>-58.58370670630072,-34.70286326249934,4092.72640000005</coordinates>
      </Point>
    </Placemark>
    <Placemark>
      <name></name>
      <Point>
        <extrude>1</extrude>
        <altitudeMode>absolute</altitudeMode>
        <coordinates>-58.583518677225214,-34.70390518513312,4099.00640000005</coordinates>
      </Point>
    </Placemark>
    <Placemark>
      <name></name>
      <Point>
        <extrude>1</extrude>
        <altitudeMode>absolute</altitudeMode>
        <coordinates>-58.58327257881382,-34.70494087511208,4105.28640000005</coordinates>
      </Point>
    </Placemark>
    <Placemark>
      <name></name>
      <Point>
        <extrude>1</extrude>
        <altitudeMode>absolute</altitudeMode>
        <coordinates>-58.582968606557145,-34.70596812054304,4111.56640000005</coordinates>
      </Point>
    </Placemark>
    <Placemark>
      <name></name>
      <Point>
        <extrude>1</extrude>
        <altitudeMode>absolute</altitudeMode>
        <coordinates>-58.58260708182007,-34.70698470738243,4117.8464000000495</coordinates>
      </Point>
    </Placemark>
    <Placemark>
      <name></name>
      <Point>
        <extrude>1</extrude>
        <altitudeMode>absolute</altitudeMode>
        <coordinates>-58.58218845273686,-34.707988424290164,4124.126400000049</coordinates>
      </Point>
    </Placemark>
    <Placemark>
      <name></name>
      <Point>
        <extrude>1</extrude>
        <altitudeMode>absolute</altitudeMode>
        <coordinates>-58.581713294830806,-34.708977067554805,4130.406400000049</coordinates>
      </Point>
    </Placemark>
    <Placemark>
      <name></name>
      <Point>
        <extrude>1</extrude>
        <altitudeMode>absolute</altitudeMode>
        <coordinates>-58.581182311351796,-34.70994844607998,4136.686400000049</coordinates>
      </Point>
    </Placemark>
    <Placemark>
      <name></name>
      <Point>
        <extrude>1</extrude>
        <altitudeMode>absolute</altitudeMode>
        <coordinates>-58.58059633332519,-34.71090038642121,4142.966400000048</coordinates>
      </Point>
    </Placemark>
    <Placemark>
      <name></name>
      <Point>
        <extrude>1</extrude>
        <altitudeMode>absolute</altitudeMode>
        <coordinates>-58.57995631930686,-34.71183073786225,4149.246400000048</coordinates>
      </Point>
    </Placemark>
    <Placemark>
      <name>turn-147.9-deg</name>
      <Point>
        <extrude>1</extrude>
        <altitudeMode>absolute</altitudeMode>
        <coordinates>-58.579263354838716,-34.712737377519325,4155.526400000048</coordinates>
      </Point>
    </Placemark>
    <Placemark>
      <name></name>
      <Point>
        <extrude>1</extrude>
        <altitudeMode>absolute</altitudeMode>
        <coordinates>-58.5786077382624,-34.71366483090585,4161.806400000048</coordinates>
      </Point>
    </Placemark>
    <Placemark>
      <name></name>
      <Point>
        <extrude>1</extrude>
        <altitudeMode>absolute</altitudeMode>
        <coordinates>-58.57795092876136,-34.71459394745777,4168.086400000047</coordinates>
      </Point>
    </Placemark>
    <Placemark>
      <name></name>
      <Point>
        <extrude>1</extrude>
        <altitudeMode>absolute</altitudeMode>
        <coordinates>-58.577292926941645,-34.715524726185286,4174.366400000047</coordinates>
      </Point>
    </Placemark>
    <Placemark>
      <name></name>
      <Point>
        <extrude>1</extrude>
        <altitudeMode>absolute</altitudeMode>
        <coordinates>-58.576633733409764,-34.71645716609763,4180.646400000047</coordinates>
      </Point>
    </Placemark>
    <Placemark>
      <name></name>
      <Point>
        <extrude>1</extrude>
        <altitudeMode>absolute</altitudeMode>
        <coordinates>-58.575973348772834,-34.717391266203116,4186.926400000047</coordinates>
      </Point>
    </Placemark>
    <Placemark>
      <name></name>
      <Point>
        <extrude>1</extrude>
        <altitudeMode>absolute</altitudeMode>
        <coordinates>-58.57531177363852,-34.71832702550911,4193.206400000046</coordinates>
      </Point>
    </Placemark>
    <Placemark>
      <name></name>
      <Point>
        <extrude>1</extrude>
        <altitudeMode>absolute</altitudeMode>
        <coordinates>-58.57464900861501,-34.719264443022105,4199.486400000046</coordinates>
      </Point>
    </Placemark>
    <Placemark>
      <name></name>
      <Point>
        <extrude>1</extrude>
        <altitudeMode>absolute</altitudeMode>
        <coordinates>-58.573985054311116,-34.720203517747585,4205.766400000046</coordinates>
      </Point>
    </Placemark>
    <Placemark>
      <name></name>
      <Point>
        <extrude>1</extrude>
        <altitudeMode>absolute</altitudeMode>
        <coordinates>-58.573319911336114,-34.72114424869016,4212.046400000046</coordinates>
      </Point>
    </Placemark>
    <Placemark>
      <name></name>
      <Point>
        <extrude>1</extrude>
        <altitudeMode>absolute</altitudeMode>
        <coordinates>-58.5726535802999,-34.72208663485348,4218.326400000045</coordinates>
      </Point>
    </Placemark>
    <Placemark>
      <name></name>
      <Point>
        <extrude>1</extrude>
        <altitudeMode>absolute</altitudeMode>
        <coordinates>-58.57198606181292,-34.7230306752403,4224.606400000045</coordinates>
      </Point>
    </Placemark>
    <Placemark>
      <name></name>
      <Point>
        <extrude>1</extrude>
        <altitudeMode>absolute</altitudeMode>
        <coordinates>-58.571317356486134,-34.723976368852426,4230.886400000045</coordinates>
      </Point>
    </Placemark>
    <Placemark>
      <name></name>
      <Point>
        <extrude>1</extrude>
        <altitudeMode>absolute</altitudeMode>
        <coordinates>-58.5706474649311,-34.72492371469072,4237.166400000045</coordinates>
      </Point>
    </Placemark>
    <Placemark>
      <name></name>
      <Point>
        <extrude>1</extrude>
        <altitudeMode>absolute</altitudeMode>
        <coordinates>-58.569976387759894,-34.72587271175514,4243.446400000044</coordinates>
      </Point>
    </Placemark>
    <Placemark>
      <name></name>
      <Point>
        <extrude>1</extrude>
        <altitudeMode>absolute</altitudeMode>
        <coordinates>-58.5693041255852,-34.72682335904472,4249.726400000044</coordinates>
      </Point>
    </Placemark>
    <Placemark>
      <name></name>
      <Point>
        <extrude>1</extrude>
        <altitudeMode>absolute</altitudeMode>
        <coordinates>-58.56863067902018,-34.72777565555757,4256.006400000044</coordinates>
      </Point>
    </Placemark>
    <Placemark>
      <name></name>
      <Point>
        <extrude>1</extrude>
        <altitudeMode>absolute</altitudeMode>
        <coordinates>-58.567956048678624,-34.728729600290855,4262.286400000044</coordinates>
      </Point>
    </Placemark>
    <Placemark>
      <name></name>
      <Point>
        <extrude>1</extrude>
        <altitudeMode>absolute</altitudeMode>
        <coordinates>-58.567280235174835,-34.72968519224082,4268.566400000043</coordinates>
      </Point>
    </Placemark>
    <Placemark>
      <name></name>
      <Point>
        <extrude>1</extrude>
        <altitudeMode>absolute</altitudeMode>
        <coordinates>-58.566603239123694,-34.73064243040281,4274.846400000043</coordinates>
      </Point>
    </Placemark>
    <Placemark>
      <name></name>
      <Point>
        <extrude>1</extrude>
        <altitudeMode>absolute</altitudeMode>
        <coordinates>-58.5659250611406,-34.73160131377123,4281.126400000043</coordinates>
      </Point>
    </Placemark>
    <Placemark>
      <name></name>
      <Point>
        <extrude>1</extrude>
        <altitudeMode>absolute</altitudeMode>
        <coordinates>-58.56524570184155,-34.73256184133954,4287.406400000043</coordinates>
      </Point>
    </Placemark>
    <Placemark>
      <name></name>
      <Point>
        <extrude>1</extrude>
        <altitudeMode>absolute</altitudeMode>
        <coordinates>-58.56456516184306,-34.733524012100325,4293.686400000042</coordinates>
      </Point>
    </Placemark>
    <Placemark>
      <name></name>
      <Point>
        <extrude>1</extrude>
        <altitudeMode>absolute</altitudeMode>
        <coordinates>-58.56388344176224,-34.7344878250452,4299.966400000042</coordinates>
      </Point>
    </Placemark>
    <Placemark>
      <name></name>
      <Point>
        <extrude>1</extrude>
        <altitudeMode>absolute</altitudeMode>
        <coordinates>-58.56320054221671,-34.735453279164894,4306.246400000042</coordinates>
      </Point>
    </Placemark>
    <Placemark>
      <name></name>
      <Point>
        <extrude>1</extrude>
        <altitudeMode>absolute</altitudeMode>
        <coordinates>-58.562516463824686,-34.7364203734492,4312.526400000042</coordinates>
      </Point>
    </Placemark>
    <Placemark>
      <name></name>
      <Point>
        <extrude>1</extrude>
        <altitudeMode>absolute</altitudeMode>
        <coordinates>-58.561831207204904,-34.73738910688699,4318.806400000041</coordinates>
      </Point>
    </Placemark>
    <Placemark>
      <name></name>
      <Point>
        <extrude>1</extrude>
        <altitudeMode>absolute</altitudeMode>
        <coordinates>-58.56114477297667,-34.738359478466236,4325.086400000041</coordinates>
      </Point>
    </Placemark>
    <Placemark>
      <name></name>
      <Point>
        <extrude>1</extrude>
        <altitudeMode>absolute</altitudeMode>
        <coordinates>-58.56045716175984,-34.739331487173956,4331.366400000041</coordinates>
      </Point>
    </Placemark>
    <Placemark>
      <name></name>
      <Point>
        <extrude>1</extrude>
        <altitudeMode>absolute</altitudeMode>
        <coordinates>-58.55976837417484,-34.74030513199628,4337.646400000041</coordinates>
      </Point>
    </Placemark>
    <Placemark>
      <name></name>
      <Point>
        <extrude>1</extrude>
        <altitudeMode>absolute</altitudeMode>
        <coordinates>-58.55907841084261,-34.74128041191842,4343.92640000004</coordinates>
      </Point>
    </Placemark>
    <Placemark>
      <name></name>
      <Point>
        <extrude>1</extrude>
        <altitudeMode>absolute</altitudeMode>
        <coordinates>-58.55838727238469,-34.74225732592463,4350.20640000004</coordinates>
      </Point>
    </Placemark>
    <Placemark>
      <name></name>
      <Point>
        <extrude>1</extrude>
        <altitudeMode>absolute</altitudeMode>
        <coordinates>-58.55769495942316,-34.74323587299832,4356.48640000004</coordinates>
      </Point>
    </Placemark>
    <Placemark>
      <name></name>
      <Point>
        <extrude>1</extrude>
        <altitudeMode>absolute</altitudeMode>
        <coordinates>-58.55700147258064,-34.74421605212191,4362.7664000000395</coordinates>
      </Point>
    </Placemark>
    <Placemark>
      <name></name>
      <Point>
        <extrude>1</extrude>
        <altitudeMode>absolute</altitudeMode>
        <coordinates>-58.55630681248032,-34.74519786227696,4369.046400000039</coordinates>
      </Point>
    </Placemark>
    <Placemark>
      <name>turn-344.2-deg</name>
      <Point>
        <extrude>1</extrude>
        <altitudeMode>absolute</altitudeMode>
        <coordinates>-58.555610979745914,-34.746181302444086,4375.326400000039</coordinates>
      </Point>
    </Placemark>
    <Placemark>
      <name></name>
      <Point>
        <extrude>1</extrude>
        <altitudeMode>absolute</altitudeMode>
        <coordinates>-58.554930469130255,-34.74717412744705,4381.606400000039</coordinates>
      </Point>
    </Placemark>
    <Placemark>
      <name></name>
      <Point>
        <extrude>1</extrude>
        <altitudeMode>absolute</altitudeMode>
        <coordinates>-58.554265491813965,-34.74817618779318,4387.8864000000385</coordinates>
      </Point>
    </Placemark>
    <Placemark>
      <name></name>
      <Point>
        <extrude>1</extrude>
        <altitudeMode>absolute</altitudeMode>
        <coordinates>-58.55361625718325,-34.749187330729114,4394.166400000038</coordinates>
      </Point>
    </Placemark>
    <Placemark>
      <name></name>
      <Point>
        <extrude>1</extrude>
        <altitudeMode>absolute</altitudeMode>
        <coordinates>-58.55298297275749,-34.75020740024713,4400.446400000038</coordinates>
      </Point>
    </Placemark>
    <Placemark>
      <name></name>
      <Point>
        <extrude>1</extrude>
        <altitudeMode>absolute</altitudeMode>
        <coordinates>-58.55236584411665,-34.7512362370924,4406.726400000038</coordinates>
      </Point>
    </Placemark>
    <Placemark>
      <name></name>
      <Point>
        <extrude>1</extrude>
        <altitudeMode>absolute</altitudeMode>
        <coordinates>-58.551765074828296,-34.75227367877133,4413.0064000000375</coordinates>
      </Point>
    </Placemark>
    <Placemark>
      <name></name>
      <Point>
        <extrude>1</extrude>
        <altitudeMode>absolute</altitudeMode>
        <coordinates>-58.55118086637435,-34.75331955956094,4419.286400000037</coordinates>
      </Point>
    </Placemark>
    <Placemark>
      <name></name>
      <Point>
        <extrude>1</extrude>
        <altitudeMode>absolute</altitudeMode>
        <coordinates>-58.55061341807749,-34.754373710519246,4425.566400000037</coordinates>
      </Point>
    </Placemark>
    <Placemark>
      <name></name>
      <Point>
        <extrude>1</extrude>
        <altitudeMode>absolute</altitudeMode>
        <coordinates>-58.55006292702754,-34.755435959496786,4431.846400000037</coordinates>
      </Point>
    </Placemark>
    <Placemark>
      <name></name>
      <Point>
        <extrude>1</extrude>
        <altitudeMode>absolute</altitudeMode>
        <coordinates>-58.549529588007275,-34.75650613114914,4438.1264000000365</coordinates>
      </Point>
    </Placemark>
    <Placemark>
      <name></name>
      <Point>
        <extrude>1</extrude>
        <altitudeMode>absolute</altitudeMode>
        <coordinates>-58.54901359341844,-34.75758404695057,4444.406400000036</coordinates>
      </Point>
    </Placemark>
    <Placemark>
      <name></name>
      <Point>
        <extrude>1</extrude>
        <altitudeMode>absolute</altitudeMode>
        <coordinates>-58.54851513320719,-34.75866952520879,4450.686400000036</coordinates>
      </Point>
    </Placemark>
    <Placemark>
      <name></name>
      <Point>
        <extrude>1</extrude>
        <altitudeMode>absolute</altitudeMode>
        <coordinates>-58.54803439478967,-34.759762381080755,4456.966400000036</coordinates>
      </Point>
    </Placemark>
    <Placemark>
      <name></name>
      <Point>
        <extrude>1</extrude>
        <altitudeMode>absolute</altitudeMode>
        <coordinates>-58.54757156297728,-34.76086242658965,4463.2464000000355</coordinates>
      </Point>
    </Placemark>
    <Placemark>
      <name></name>
      <Point>
        <extrude>1</extrude>
        <altitudeMode>absolute</altitudeMode>
        <coordinates>-58.54712681990189,-34.761969470642875,4469.526400000035</coordinates>
      </Point>
    </Placemark>
    <Placemark>
      <name></name>
      <Point>
        <extrude>1</extrude>
        <altitudeMode>absolute</altitudeMode>
        <coordinates>-58.54670034494097,-34.763083319051354,4475.806400000035</coordinates>
      </Point>
    </Placemark>
    <Placemark>
      <name></name>
      <Point>
        <extrude>1</extrude>
        <altitudeMode>absolute</altitudeMode>
        <coordinates>-58.54629231464264,-34.76420377454978,4482.086400000035</coordinates>
      </Point>
    </Placemark>
    <Placemark>
      <name>turn-164.2-deg</name>
      <Point>
        <extrude>1</extrude>
        <altitudeMode>absolute</altitudeMode>
        <coordinates>-58.545902902650624,-34.76533063681815,4488.366400000034</coordinates>
      </Point>
    </Placemark>
  </Document>
</kml>
