<?xml version="1.0" encoding="utf-8"?>
<kml xmlns="http://earth.google.com/kml/2.2">
  <Document>
    <Placemark>
      <name>08-Brno-Turany</name>
      <Point>
        <extrude>1</extrude>
        <altitudeMode>absolute</altitudeMode>
        <coordinates>16.696521759033203,49.1503791809082,237.1344</coordinates>
      </Point>
    </Placemark>
    <Placemark>
      <name>groundRun-08</name>
      <Point>
        <extrude>1</extrude>
        <altitudeMode>absolute</altitudeMode>
        <coordinates>16.696546009203303,49.1503780717648,237.1344</coordinates>
      </Point>
    </Placemark>
    <Placemark>
      <name></name>
      <Point>
        <extrude>1</extrude>
        <altitudeMode>absolute</altitudeMode>
        <coordinates>16.698122268972668,49.15030597632604,237.1344</coordinates>
      </Point>
    </Placemark>
    <Placemark>
      <name></name>
      <Point>
        <extrude>1</extrude>
        <altitudeMode>absolute</altitudeMode>
        <coordinates>16.70212353304072,49.1501229609612,237.1344</coordinates>
      </Point>
    </Placemark>
    <Placemark>
      <name></name>
      <Point>
        <extrude>1</extrude>
        <altitudeMode>absolute</altitudeMode>
        <coordinates>16.708549773969082,49.14982902059328,237.1344</coordinates>
      </Point>
    </Placemark>
    <Placemark>
      <name></name>
      <Point>
        <extrude>1</extrude>
        <altitudeMode>absolute</altitudeMode>
        <coordinates>16.717400948031667,49.14942415014559,237.1344</coordinates>
      </Point>
    </Placemark>
    <Placemark>
      <name>takeOff-2081.5-meters</name>
      <Point>
        <extrude>1</extrude>
        <altitudeMode>absolute</altitudeMode>
        <coordinates>16.725039573607148,49.149074734716315,237.1344</coordinates>
      </Point>
    </Placemark>
    <Placemark>
      <name>climbRamp-08</name>
      <Point>
        <extrude>1</extrude>
        <altitudeMode>absolute</altitudeMode>
        <coordinates>16.726199651898355,49.149021668433576,249.0644</coordinates>
      </Point>
    </Placemark>
    <Placemark>
      <name></name>
      <Point>
        <extrude>1</extrude>
        <altitudeMode>absolute</altitudeMode>
        <coordinates>16.737820202783183,49.148490098110074,329.16439999999994</coordinates>
      </Point>
    </Placemark>
    <Placemark>
      <name></name>
      <Point>
        <extrude>1</extrude>
        <altitudeMode>absolute</altitudeMode>
        <coordinates>16.74948486139411,49.14795650416496,409.26439999999985</coordinates>
      </Point>
    </Placemark>
    <Placemark>
      <name></name>
      <Point>
        <extrude>1</extrude>
        <altitudeMode>absolute</altitudeMode>
        <coordinates>16.761193867715633,49.147420875551866,489.36439999999976</coordinates>
      </Point>
    </Placemark>
    <Placemark>
      <name></name>
      <Point>
        <extrude>1</extrude>
        <altitudeMode>absolute</altitudeMode>
        <coordinates>16.77294746337307,49.146883201148825,569.4643999999997</coordinates>
      </Point>
    </Placemark>
    <Placemark>
      <name></name>
      <Point>
        <extrude>1</extrude>
        <altitudeMode>absolute</altitudeMode>
        <coordinates>16.78474589164486,49.1463434697573,649.5643999999996</coordinates>
      </Point>
    </Placemark>
    <Placemark>
      <name></name>
      <Point>
        <extrude>1</extrude>
        <altitudeMode>absolute</altitudeMode>
        <coordinates>16.79658939747543,49.14580167010185,729.6643999999995</coordinates>
      </Point>
    </Placemark>
    <Placemark>
      <name></name>
      <Point>
        <extrude>1</extrude>
        <altitudeMode>absolute</altitudeMode>
        <coordinates>16.808478227488308,49.14525779082943,809.7643999999995</coordinates>
      </Point>
    </Placemark>
    <Placemark>
      <name></name>
      <Point>
        <extrude>1</extrude>
        <altitudeMode>absolute</altitudeMode>
        <coordinates>16.820412629998742,49.14471182050877,889.8643999999994</coordinates>
      </Point>
    </Placemark>
    <Placemark>
      <name></name>
      <Point>
        <extrude>1</extrude>
        <altitudeMode>absolute</altitudeMode>
        <coordinates>16.832392855027166,49.14416374762979,969.9643999999993</coordinates>
      </Point>
    </Placemark>
    <Placemark>
      <name>climbRamp-4.5 nm</name>
      <Point>
        <extrude>1</extrude>
        <altitudeMode>absolute</altitudeMode>
        <coordinates>16.838400229586313,49.143888919112335,1010.0143999999992</coordinates>
      </Point>
    </Placemark>
    <Placemark>
      <name>turn-95.7-deg</name>
      <Point>
        <extrude>1</extrude>
        <altitudeMode>absolute</altitudeMode>
        <coordinates>16.83960004820173,49.143810465856156,1018.0243999999992</coordinates>
      </Point>
    </Placemark>
    <Placemark>
      <name></name>
      <Point>
        <extrude>1</extrude>
        <altitudeMode>absolute</altitudeMode>
        <coordinates>16.85165099287322,49.14323063274935,1098.1243999999992</coordinates>
      </Point>
    </Placemark>
    <Placemark>
      <name></name>
      <Point>
        <extrude>1</extrude>
        <altitudeMode>absolute</altitudeMode>
        <coordinates>16.863748257114135,49.1426472959538,1178.2243999999992</coordinates>
      </Point>
    </Placemark>
    <Placemark>
      <name></name>
      <Point>
        <extrude>1</extrude>
        <altitudeMode>absolute</altitudeMode>
        <coordinates>16.875892094780102,49.142060428450236,1258.324399999999</coordinates>
      </Point>
    </Placemark>
    <Placemark>
      <name></name>
      <Point>
        <extrude>1</extrude>
        <altitudeMode>absolute</altitudeMode>
        <coordinates>16.888082761458854,49.14147000296954,1338.424399999999</coordinates>
      </Point>
    </Placemark>
    <Placemark>
      <name></name>
      <Point>
        <extrude>1</extrude>
        <altitudeMode>absolute</altitudeMode>
        <coordinates>16.90032051448333,49.140875991990086,1418.5243999999989</coordinates>
      </Point>
    </Placemark>
    <Placemark>
      <name></name>
      <Point>
        <extrude>1</extrude>
        <altitudeMode>absolute</altitudeMode>
        <coordinates>16.912605612944887,49.140278367735164,1498.6243999999988</coordinates>
      </Point>
    </Placemark>
    <Placemark>
      <name>flyby-EndOfClimbRamp</name>
      <Point>
        <extrude>1</extrude>
        <altitudeMode>absolute</altitudeMode>
        <coordinates>16.913836736817892,49.14021840550244,1506.6343999999988</coordinates>
      </Point>
    </Placemark>
    <Placemark>
      <name>turn-91.4-deg</name>
      <Point>
        <extrude>1</extrude>
        <altitudeMode>absolute</altitudeMode>
        <coordinates>16.913894182674483,49.1402565937194,1514.6443999999988</coordinates>
      </Point>
    </Placemark>
    <Placemark>
      <name></name>
      <Point>
        <extrude>1</extrude>
        <altitudeMode>absolute</altitudeMode>
        <coordinates>16.92623700053159,49.13965931257942,1594.7443999999987</coordinates>
      </Point>
    </Placemark>
    <Placemark>
      <name></name>
      <Point>
        <extrude>1</extrude>
        <altitudeMode>absolute</altitudeMode>
        <coordinates>16.938627744619303,49.13905837445066,1674.8443999999986</coordinates>
      </Point>
    </Placemark>
    <Placemark>
      <name>flyby-StartOfDescentRamp</name>
      <Point>
        <extrude>1</extrude>
        <altitudeMode>absolute</altitudeMode>
        <coordinates>16.951066679785104,49.138453750822634,1754.9443999999985</coordinates>
      </Point>
    </Placemark>
    <Placemark>
      <name></name>
      <Point>
        <extrude>1</extrude>
        <altitudeMode>absolute</altitudeMode>
        <coordinates>16.962334537292747,49.13661416105533,1835.0443999999984</coordinates>
      </Point>
    </Placemark>
    <Placemark>
      <name></name>
      <Point>
        <extrude>1</extrude>
        <altitudeMode>absolute</altitudeMode>
        <coordinates>16.973197973825876,49.1325328533334,1915.1443999999983</coordinates>
      </Point>
    </Placemark>
    <Placemark>
      <name></name>
      <Point>
        <extrude>1</extrude>
        <altitudeMode>absolute</altitudeMode>
        <coordinates>16.981859247948307,49.1265677361482,1995.2443999999982</coordinates>
      </Point>
    </Placemark>
    <Placemark>
      <name></name>
      <Point>
        <extrude>1</extrude>
        <altitudeMode>absolute</altitudeMode>
        <coordinates>16.98756367848742,49.11919907344494,2075.344399999999</coordinates>
      </Point>
    </Placemark>
    <Placemark>
      <name></name>
      <Point>
        <extrude>1</extrude>
        <altitudeMode>absolute</altitudeMode>
        <coordinates>16.989793399543004,49.11103576147617,2155.444400000001</coordinates>
      </Point>
    </Placemark>
    <Placemark>
      <name></name>
      <Point>
        <extrude>1</extrude>
        <altitudeMode>absolute</altitudeMode>
        <coordinates>16.988318123869874,49.10276668536095,2235.5444000000034</coordinates>
      </Point>
    </Placemark>
    <Placemark>
      <name></name>
      <Point>
        <extrude>1</extrude>
        <altitudeMode>absolute</altitudeMode>
        <coordinates>16.9832227158914,49.0951034150216,2315.6444000000056</coordinates>
      </Point>
    </Placemark>
    <Placemark>
      <name></name>
      <Point>
        <extrude>1</extrude>
        <altitudeMode>absolute</altitudeMode>
        <coordinates>16.974908238711038,49.08871887267799,2395.7444000000078</coordinates>
      </Point>
    </Placemark>
    <Placemark>
      <name></name>
      <Point>
        <extrude>1</extrude>
        <altitudeMode>absolute</altitudeMode>
        <coordinates>16.964065319475424,49.08418720138271,2475.84440000001</coordinates>
      </Point>
    </Placemark>
    <Placemark>
      <name></name>
      <Point>
        <extrude>1</extrude>
        <altitudeMode>absolute</altitudeMode>
        <coordinates>16.951621057571913,49.081930229935665,2555.944400000012</coordinates>
      </Point>
    </Placemark>
    <Placemark>
      <name></name>
      <Point>
        <extrude>1</extrude>
        <altitudeMode>absolute</altitudeMode>
        <coordinates>16.93866308644482,49.08217561922225,2636.0444000000143</coordinates>
      </Point>
    </Placemark>
    <Placemark>
      <name></name>
      <Point>
        <extrude>1</extrude>
        <altitudeMode>absolute</altitudeMode>
        <coordinates>16.926346592706352,49.08493098397195,2716.1444000000165</coordinates>
      </Point>
    </Placemark>
    <Placemark>
      <name>turn-313.9-deg</name>
      <Point>
        <extrude>1</extrude>
        <altitudeMode>absolute</altitudeMode>
        <coordinates>16.915791902944477,49.08997705154878,2796.2444000000187</coordinates>
      </Point>
    </Placemark>
    <Placemark>
      <name></name>
      <Point>
        <extrude>1</extrude>
        <altitudeMode>absolute</altitudeMode>
        <coordinates>16.906232253606714,49.09591022389916,2876.344400000021</coordinates>
      </Point>
    </Placemark>
    <Placemark>
      <name></name>
      <Point>
        <extrude>1</extrude>
        <altitudeMode>absolute</altitudeMode>
        <coordinates>16.896631941615,49.10186641212456,2956.444400000023</coordinates>
      </Point>
    </Placemark>
    <Placemark>
      <name></name>
      <Point>
        <extrude>1</extrude>
        <altitudeMode>absolute</altitudeMode>
        <coordinates>16.886990719812577,49.10784574199058,3036.5444000000252</coordinates>
      </Point>
    </Placemark>
    <Placemark>
      <name></name>
      <Point>
        <extrude>1</extrude>
        <altitudeMode>absolute</altitudeMode>
        <coordinates>16.877308339164347,49.11384834009626,3116.6444000000274</coordinates>
      </Point>
    </Placemark>
    <Placemark>
      <name></name>
      <Point>
        <extrude>1</extrude>
        <altitudeMode>absolute</altitudeMode>
        <coordinates>16.86758454874084,49.119874333879835,3196.7444000000296</coordinates>
      </Point>
    </Placemark>
    <Placemark>
      <name></name>
      <Point>
        <extrude>1</extrude>
        <altitudeMode>absolute</altitudeMode>
        <coordinates>16.857819095701963,49.125923851624414,3276.844400000032</coordinates>
      </Point>
    </Placemark>
    <Placemark>
      <name></name>
      <Point>
        <extrude>1</extrude>
        <altitudeMode>absolute</altitudeMode>
        <coordinates>16.848011725280735,49.13199702246381,3356.944400000034</coordinates>
      </Point>
    </Placemark>
    <Placemark>
      <name></name>
      <Point>
        <extrude>1</extrude>
        <altitudeMode>absolute</altitudeMode>
        <coordinates>16.838141552118078,49.13810674324875,3438.9644000000344</coordinates>
      </Point>
    </Placemark>
    <Placemark>
      <name>turn-94.5-deg</name>
      <Point>
        <extrude>1</extrude>
        <altitudeMode>absolute</altitudeMode>
        <coordinates>16.828025376939443,49.144366305912484,3523.864400000032</coordinates>
      </Point>
    </Placemark>
    <Placemark>
      <name></name>
      <Point>
        <extrude>1</extrude>
        <altitudeMode>absolute</altitudeMode>
        <coordinates>16.817039000865435,49.150365284125826,3608.76440000003</coordinates>
      </Point>
    </Placemark>
    <Placemark>
      <name></name>
      <Point>
        <extrude>1</extrude>
        <altitudeMode>absolute</altitudeMode>
        <coordinates>16.80475173591506,49.15564552836848,3693.664400000028</coordinates>
      </Point>
    </Placemark>
    <Placemark>
      <name></name>
      <Point>
        <extrude>1</extrude>
        <altitudeMode>absolute</altitudeMode>
        <coordinates>16.79125669950571,49.1600619056473,3778.5644000000257</coordinates>
      </Point>
    </Placemark>
    <Placemark>
      <name></name>
      <Point>
        <extrude>1</extrude>
        <altitudeMode>absolute</altitudeMode>
        <coordinates>16.776685617947805,49.163471239896374,3863.4644000000235</coordinates>
      </Point>
    </Placemark>
    <Placemark>
      <name></name>
      <Point>
        <extrude>1</extrude>
        <altitudeMode>absolute</altitudeMode>
        <coordinates>16.761210578630738,49.16573652769905,3948.3644000000213</coordinates>
      </Point>
    </Placemark>
    <Placemark>
      <name>turn-273.6-deg</name>
      <Point>
        <extrude>1</extrude>
        <altitudeMode>absolute</altitudeMode>
        <coordinates>16.74832157472099,49.166639785640456,4016.2844000000196</coordinates>
      </Point>
    </Placemark>
    <Placemark>
      <name>08-Brno-Turany</name>
      <Point>
        <extrude>1</extrude>
        <altitudeMode>absolute</altitudeMode>
        <coordinates>16.696521759033203,49.1503791809082,237.1344</coordinates>
      </Point>
    </Placemark>
    <Placemark>
      <name>groundRun-08</name>
      <Point>
        <extrude>1</extrude>
        <altitudeMode>absolute</altitudeMode>
        <coordinates>16.696546009203303,49.1503780717648,237.1344</coordinates>
      </Point>
    </Placemark>
    <Placemark>
      <name></name>
      <Point>
        <extrude>1</extrude>
        <altitudeMode>absolute</altitudeMode>
        <coordinates>16.69659450954134,49.150375853472895,237.1344</coordinates>
      </Point>
    </Placemark>
    <Placemark>
      <name></name>
      <Point>
        <extrude>1</extrude>
        <altitudeMode>absolute</altitudeMode>
        <coordinates>16.69666726004351,49.15037252602743,237.1344</coordinates>
      </Point>
    </Placemark>
    <Placemark>
      <name></name>
      <Point>
        <extrude>1</extrude>
        <altitudeMode>absolute</altitudeMode>
        <coordinates>16.696764260704327,49.150368089423324,237.1344</coordinates>
      </Point>
    </Placemark>
    <Placemark>
      <name></name>
      <Point>
        <extrude>1</extrude>
        <altitudeMode>absolute</altitudeMode>
        <coordinates>16.69688551151674,49.15036254365549,237.1344</coordinates>
      </Point>
    </Placemark>
    <Placemark>
      <name></name>
      <Point>
        <extrude>1</extrude>
        <altitudeMode>absolute</altitudeMode>
        <coordinates>16.697031012472024,49.150355888718856,237.1344</coordinates>
      </Point>
    </Placemark>
    <Placemark>
      <name></name>
      <Point>
        <extrude>1</extrude>
        <altitudeMode>absolute</altitudeMode>
        <coordinates>16.697200763559835,49.15034812460835,237.1344</coordinates>
      </Point>
    </Placemark>
    <Placemark>
      <name></name>
      <Point>
        <extrude>1</extrude>
        <altitudeMode>absolute</altitudeMode>
        <coordinates>16.697394764768205,49.1503392513189,237.1344</coordinates>
      </Point>
    </Placemark>
    <Placemark>
      <name></name>
      <Point>
        <extrude>1</extrude>
        <altitudeMode>absolute</altitudeMode>
        <coordinates>16.69761301608355,49.15032926884542,237.1344</coordinates>
      </Point>
    </Placemark>
    <Placemark>
      <name></name>
      <Point>
        <extrude>1</extrude>
        <altitudeMode>absolute</altitudeMode>
        <coordinates>16.697855517490666,49.150318177182825,237.1344</coordinates>
      </Point>
    </Placemark>
    <Placemark>
      <name></name>
      <Point>
        <extrude>1</extrude>
        <altitudeMode>absolute</altitudeMode>
        <coordinates>16.698122268972668,49.15030597632604,237.1344</coordinates>
      </Point>
    </Placemark>
    <Placemark>
      <name></name>
      <Point>
        <extrude>1</extrude>
        <altitudeMode>absolute</altitudeMode>
        <coordinates>16.69841327051111,49.15029266627,237.1344</coordinates>
      </Point>
    </Placemark>
    <Placemark>
      <name></name>
      <Point>
        <extrude>1</extrude>
        <altitudeMode>absolute</altitudeMode>
        <coordinates>16.698728522085872,49.15027824700962,237.1344</coordinates>
      </Point>
    </Placemark>
    <Placemark>
      <name></name>
      <Point>
        <extrude>1</extrude>
        <altitudeMode>absolute</altitudeMode>
        <coordinates>16.69906802367518,49.15026271853983,237.1344</coordinates>
      </Point>
    </Placemark>
    <Placemark>
      <name></name>
      <Point>
        <extrude>1</extrude>
        <altitudeMode>absolute</altitudeMode>
        <coordinates>16.699431775255732,49.15024608085554,237.1344</coordinates>
      </Point>
    </Placemark>
    <Placemark>
      <name></name>
      <Point>
        <extrude>1</extrude>
        <altitudeMode>absolute</altitudeMode>
        <coordinates>16.699819776802485,49.150228333951695,237.1344</coordinates>
      </Point>
    </Placemark>
    <Placemark>
      <name></name>
      <Point>
        <extrude>1</extrude>
        <altitudeMode>absolute</altitudeMode>
        <coordinates>16.700232028288838,49.150209477823196,237.1344</coordinates>
      </Point>
    </Placemark>
    <Placemark>
      <name></name>
      <Point>
        <extrude>1</extrude>
        <altitudeMode>absolute</altitudeMode>
        <coordinates>16.70066852968654,49.150189512464976,237.1344</coordinates>
      </Point>
    </Placemark>
    <Placemark>
      <name></name>
      <Point>
        <extrude>1</extrude>
        <altitudeMode>absolute</altitudeMode>
        <coordinates>16.701129280965688,49.150168437871955,237.1344</coordinates>
      </Point>
    </Placemark>
    <Placemark>
      <name></name>
      <Point>
        <extrude>1</extrude>
        <altitudeMode>absolute</altitudeMode>
        <coordinates>16.701614282094795,49.15014625403905,237.1344</coordinates>
      </Point>
    </Placemark>
    <Placemark>
      <name></name>
      <Point>
        <extrude>1</extrude>
        <altitudeMode>absolute</altitudeMode>
        <coordinates>16.70212353304072,49.1501229609612,237.1344</coordinates>
      </Point>
    </Placemark>
    <Placemark>
      <name></name>
      <Point>
        <extrude>1</extrude>
        <altitudeMode>absolute</altitudeMode>
        <coordinates>16.702657033768674,49.1500985586333,237.1344</coordinates>
      </Point>
    </Placemark>
    <Placemark>
      <name></name>
      <Point>
        <extrude>1</extrude>
        <altitudeMode>absolute</altitudeMode>
        <coordinates>16.70321478424225,49.15007304705033,237.1344</coordinates>
      </Point>
    </Placemark>
    <Placemark>
      <name></name>
      <Point>
        <extrude>1</extrude>
        <altitudeMode>absolute</altitudeMode>
        <coordinates>16.703796784423446,49.150046426207155,237.1344</coordinates>
      </Point>
    </Placemark>
    <Placemark>
      <name></name>
      <Point>
        <extrude>1</extrude>
        <altitudeMode>absolute</altitudeMode>
        <coordinates>16.704403034272616,49.15001869609872,237.1344</coordinates>
      </Point>
    </Placemark>
    <Placemark>
      <name></name>
      <Point>
        <extrude>1</extrude>
        <altitudeMode>absolute</altitudeMode>
        <coordinates>16.70503353374849,49.14998985671994,237.1344</coordinates>
      </Point>
    </Placemark>
    <Placemark>
      <name></name>
      <Point>
        <extrude>1</extrude>
        <altitudeMode>absolute</altitudeMode>
        <coordinates>16.705688282808126,49.14995990806576,237.1344</coordinates>
      </Point>
    </Placemark>
    <Placemark>
      <name></name>
      <Point>
        <extrude>1</extrude>
        <altitudeMode>absolute</altitudeMode>
        <coordinates>16.706367281406983,49.14992885013107,237.1344</coordinates>
      </Point>
    </Placemark>
    <Placemark>
      <name></name>
      <Point>
        <extrude>1</extrude>
        <altitudeMode>absolute</altitudeMode>
        <coordinates>16.70707052949888,49.149896682910814,237.1344</coordinates>
      </Point>
    </Placemark>
    <Placemark>
      <name></name>
      <Point>
        <extrude>1</extrude>
        <altitudeMode>absolute</altitudeMode>
        <coordinates>16.707798027036063,49.1498634063999,237.1344</coordinates>
      </Point>
    </Placemark>
    <Placemark>
      <name></name>
      <Point>
        <extrude>1</extrude>
        <altitudeMode>absolute</altitudeMode>
        <coordinates>16.708549773969082,49.14982902059328,237.1344</coordinates>
      </Point>
    </Placemark>
    <Placemark>
      <name></name>
      <Point>
        <extrude>1</extrude>
        <altitudeMode>absolute</altitudeMode>
        <coordinates>16.709325770246863,49.14979352548587,237.1344</coordinates>
      </Point>
    </Placemark>
    <Placemark>
      <name></name>
      <Point>
        <extrude>1</extrude>
        <altitudeMode>absolute</altitudeMode>
        <coordinates>16.71012601581674,49.14975692107257,237.1344</coordinates>
      </Point>
    </Placemark>
    <Placemark>
      <name></name>
      <Point>
        <extrude>1</extrude>
        <altitudeMode>absolute</altitudeMode>
        <coordinates>16.7109505106244,49.14971920734832,237.1344</coordinates>
      </Point>
    </Placemark>
    <Placemark>
      <name></name>
      <Point>
        <extrude>1</extrude>
        <altitudeMode>absolute</altitudeMode>
        <coordinates>16.711799254613908,49.149680384308056,237.1344</coordinates>
      </Point>
    </Placemark>
    <Placemark>
      <name></name>
      <Point>
        <extrude>1</extrude>
        <altitudeMode>absolute</altitudeMode>
        <coordinates>16.71267224772768,49.14964045194668,237.1344</coordinates>
      </Point>
    </Placemark>
    <Placemark>
      <name></name>
      <Point>
        <extrude>1</extrude>
        <altitudeMode>absolute</altitudeMode>
        <coordinates>16.713569489906547,49.149599410259135,237.1344</coordinates>
      </Point>
    </Placemark>
    <Placemark>
      <name></name>
      <Point>
        <extrude>1</extrude>
        <altitudeMode>absolute</altitudeMode>
        <coordinates>16.714490981089654,49.149557259240325,237.1344</coordinates>
      </Point>
    </Placemark>
    <Placemark>
      <name></name>
      <Point>
        <extrude>1</extrude>
        <altitudeMode>absolute</altitudeMode>
        <coordinates>16.71543672121453,49.14951399888518,237.1344</coordinates>
      </Point>
    </Placemark>
    <Placemark>
      <name></name>
      <Point>
        <extrude>1</extrude>
        <altitudeMode>absolute</altitudeMode>
        <coordinates>16.716406710217115,49.14946962918863,237.1344</coordinates>
      </Point>
    </Placemark>
    <Placemark>
      <name></name>
      <Point>
        <extrude>1</extrude>
        <altitudeMode>absolute</altitudeMode>
        <coordinates>16.717400948031667,49.14942415014559,237.1344</coordinates>
      </Point>
    </Placemark>
    <Placemark>
      <name></name>
      <Point>
        <extrude>1</extrude>
        <altitudeMode>absolute</altitudeMode>
        <coordinates>16.718419434590885,49.149377561750995,237.1344</coordinates>
      </Point>
    </Placemark>
    <Placemark>
      <name></name>
      <Point>
        <extrude>1</extrude>
        <altitudeMode>absolute</altitudeMode>
        <coordinates>16.71946216982576,49.14932986399975,237.1344</coordinates>
      </Point>
    </Placemark>
    <Placemark>
      <name></name>
      <Point>
        <extrude>1</extrude>
        <altitudeMode>absolute</altitudeMode>
        <coordinates>16.720529153665723,49.1492810568868,237.1344</coordinates>
      </Point>
    </Placemark>
    <Placemark>
      <name></name>
      <Point>
        <extrude>1</extrude>
        <altitudeMode>absolute</altitudeMode>
        <coordinates>16.721620386038495,49.14923114040706,237.1344</coordinates>
      </Point>
    </Placemark>
    <Placemark>
      <name></name>
      <Point>
        <extrude>1</extrude>
        <altitudeMode>absolute</altitudeMode>
        <coordinates>16.722735866870266,49.149180114555435,237.1344</coordinates>
      </Point>
    </Placemark>
    <Placemark>
      <name></name>
      <Point>
        <extrude>1</extrude>
        <altitudeMode>absolute</altitudeMode>
        <coordinates>16.72387559608552,49.149127979326884,237.1344</coordinates>
      </Point>
    </Placemark>
    <Placemark>
      <name>takeOff-2081.5-meters</name>
      <Point>
        <extrude>1</extrude>
        <altitudeMode>absolute</altitudeMode>
        <coordinates>16.725039573607148,49.149074734716315,237.1344</coordinates>
      </Point>
    </Placemark>
    <Placemark>
      <name>climbRamp-08</name>
      <Point>
        <extrude>1</extrude>
        <altitudeMode>absolute</altitudeMode>
        <coordinates>16.726199651898355,49.149021668433576,249.0644</coordinates>
      </Point>
    </Placemark>
    <Placemark>
      <name></name>
      <Point>
        <extrude>1</extrude>
        <altitudeMode>absolute</altitudeMode>
        <coordinates>16.727359728945032,49.148968602150944,257.0744</coordinates>
      </Point>
    </Placemark>
    <Placemark>
      <name></name>
      <Point>
        <extrude>1</extrude>
        <altitudeMode>absolute</altitudeMode>
        <coordinates>16.728520244921697,49.14891551573092,265.0844</coordinates>
      </Point>
    </Placemark>
    <Placemark>
      <name></name>
      <Point>
        <extrude>1</extrude>
        <altitudeMode>absolute</altitudeMode>
        <coordinates>16.729681200066125,49.14886240916257,273.0944</coordinates>
      </Point>
    </Placemark>
    <Placemark>
      <name></name>
      <Point>
        <extrude>1</extrude>
        <altitudeMode>absolute</altitudeMode>
        <coordinates>16.73084259461629,49.148809282434954,281.1044</coordinates>
      </Point>
    </Placemark>
    <Placemark>
      <name></name>
      <Point>
        <extrude>1</extrude>
        <altitudeMode>absolute</altitudeMode>
        <coordinates>16.732004428810313,49.14875613553709,289.1144</coordinates>
      </Point>
    </Placemark>
    <Placemark>
      <name></name>
      <Point>
        <extrude>1</extrude>
        <altitudeMode>absolute</altitudeMode>
        <coordinates>16.73316670288642,49.14870296845802,297.1244</coordinates>
      </Point>
    </Placemark>
    <Placemark>
      <name></name>
      <Point>
        <extrude>1</extrude>
        <altitudeMode>absolute</altitudeMode>
        <coordinates>16.734329417083103,49.148649781186776,305.13439999999997</coordinates>
      </Point>
    </Placemark>
    <Placemark>
      <name></name>
      <Point>
        <extrude>1</extrude>
        <altitudeMode>absolute</altitudeMode>
        <coordinates>16.73549257163893,49.14859657371236,313.14439999999996</coordinates>
      </Point>
    </Placemark>
    <Placemark>
      <name></name>
      <Point>
        <extrude>1</extrude>
        <altitudeMode>absolute</altitudeMode>
        <coordinates>16.736656166792642,49.148543346023786,321.15439999999995</coordinates>
      </Point>
    </Placemark>
    <Placemark>
      <name></name>
      <Point>
        <extrude>1</extrude>
        <altitudeMode>absolute</altitudeMode>
        <coordinates>16.737820202783183,49.148490098110074,329.16439999999994</coordinates>
      </Point>
    </Placemark>
    <Placemark>
      <name></name>
      <Point>
        <extrude>1</extrude>
        <altitudeMode>absolute</altitudeMode>
        <coordinates>16.738984679849636,49.148436829960204,337.17439999999993</coordinates>
      </Point>
    </Placemark>
    <Placemark>
      <name></name>
      <Point>
        <extrude>1</extrude>
        <altitudeMode>absolute</altitudeMode>
        <coordinates>16.740149598231284,49.14838354156318,345.1843999999999</coordinates>
      </Point>
    </Placemark>
    <Placemark>
      <name></name>
      <Point>
        <extrude>1</extrude>
        <altitudeMode>absolute</altitudeMode>
        <coordinates>16.741314958167493,49.14833023290796,353.1943999999999</coordinates>
      </Point>
    </Placemark>
    <Placemark>
      <name></name>
      <Point>
        <extrude>1</extrude>
        <altitudeMode>absolute</altitudeMode>
        <coordinates>16.74248075989786,49.14827690398353,361.2043999999999</coordinates>
      </Point>
    </Placemark>
    <Placemark>
      <name></name>
      <Point>
        <extrude>1</extrude>
        <altitudeMode>absolute</altitudeMode>
        <coordinates>16.74364700366212,49.14822355477883,369.2143999999999</coordinates>
      </Point>
    </Placemark>
    <Placemark>
      <name></name>
      <Point>
        <extrude>1</extrude>
        <altitudeMode>absolute</altitudeMode>
        <coordinates>16.74481368970018,49.148170185282865,377.2243999999999</coordinates>
      </Point>
    </Placemark>
    <Placemark>
      <name></name>
      <Point>
        <extrude>1</extrude>
        <altitudeMode>absolute</altitudeMode>
        <coordinates>16.745980818252093,49.148116795484555,385.2343999999999</coordinates>
      </Point>
    </Placemark>
    <Placemark>
      <name></name>
      <Point>
        <extrude>1</extrude>
        <altitudeMode>absolute</altitudeMode>
        <coordinates>16.747148389558106,49.14806338537284,393.24439999999987</coordinates>
      </Point>
    </Placemark>
    <Placemark>
      <name></name>
      <Point>
        <extrude>1</extrude>
        <altitudeMode>absolute</altitudeMode>
        <coordinates>16.74831640385858,49.14800995493667,401.25439999999986</coordinates>
      </Point>
    </Placemark>
    <Placemark>
      <name></name>
      <Point>
        <extrude>1</extrude>
        <altitudeMode>absolute</altitudeMode>
        <coordinates>16.74948486139411,49.14795650416496,409.26439999999985</coordinates>
      </Point>
    </Placemark>
    <Placemark>
      <name></name>
      <Point>
        <extrude>1</extrude>
        <altitudeMode>absolute</altitudeMode>
        <coordinates>16.750653762405364,49.147903033046624,417.27439999999984</coordinates>
      </Point>
    </Placemark>
    <Placemark>
      <name></name>
      <Point>
        <extrude>1</extrude>
        <altitudeMode>absolute</altitudeMode>
        <coordinates>16.751823107133248,49.14784954157058,425.28439999999983</coordinates>
      </Point>
    </Placemark>
    <Placemark>
      <name></name>
      <Point>
        <extrude>1</extrude>
        <altitudeMode>absolute</altitudeMode>
        <coordinates>16.752992895818835,49.14779602972574,433.2943999999998</coordinates>
      </Point>
    </Placemark>
    <Placemark>
      <name></name>
      <Point>
        <extrude>1</extrude>
        <altitudeMode>absolute</altitudeMode>
        <coordinates>16.75416312870331,49.147742497501,441.3043999999998</coordinates>
      </Point>
    </Placemark>
    <Placemark>
      <name></name>
      <Point>
        <extrude>1</extrude>
        <altitudeMode>absolute</altitudeMode>
        <coordinates>16.755333806028062,49.147688944885246,449.3143999999998</coordinates>
      </Point>
    </Placemark>
    <Placemark>
      <name></name>
      <Point>
        <extrude>1</extrude>
        <altitudeMode>absolute</altitudeMode>
        <coordinates>16.756504928034644,49.14763537186737,457.3243999999998</coordinates>
      </Point>
    </Placemark>
    <Placemark>
      <name></name>
      <Point>
        <extrude>1</extrude>
        <altitudeMode>absolute</altitudeMode>
        <coordinates>16.757676494964727,49.14758177843623,465.3343999999998</coordinates>
      </Point>
    </Placemark>
    <Placemark>
      <name></name>
      <Point>
        <extrude>1</extrude>
        <altitudeMode>absolute</altitudeMode>
        <coordinates>16.758848507060208,49.14752816458069,473.3443999999998</coordinates>
      </Point>
    </Placemark>
    <Placemark>
      <name></name>
      <Point>
        <extrude>1</extrude>
        <altitudeMode>absolute</altitudeMode>
        <coordinates>16.760020964563097,49.14747453028962,481.35439999999977</coordinates>
      </Point>
    </Placemark>
    <Placemark>
      <name></name>
      <Point>
        <extrude>1</extrude>
        <altitudeMode>absolute</altitudeMode>
        <coordinates>16.761193867715633,49.147420875551866,489.36439999999976</coordinates>
      </Point>
    </Placemark>
    <Placemark>
      <name></name>
      <Point>
        <extrude>1</extrude>
        <altitudeMode>absolute</altitudeMode>
        <coordinates>16.76236721676017,49.14736720035629,497.37439999999975</coordinates>
      </Point>
    </Placemark>
    <Placemark>
      <name></name>
      <Point>
        <extrude>1</extrude>
        <altitudeMode>absolute</altitudeMode>
        <coordinates>16.763541011939225,49.14731350469171,505.38439999999974</coordinates>
      </Point>
    </Placemark>
    <Placemark>
      <name></name>
      <Point>
        <extrude>1</extrude>
        <altitudeMode>absolute</altitudeMode>
        <coordinates>16.764715253495524,49.14725978854697,513.3943999999998</coordinates>
      </Point>
    </Placemark>
    <Placemark>
      <name></name>
      <Point>
        <extrude>1</extrude>
        <altitudeMode>absolute</altitudeMode>
        <coordinates>16.7658899416719,49.14720605191086,521.4043999999998</coordinates>
      </Point>
    </Placemark>
    <Placemark>
      <name></name>
      <Point>
        <extrude>1</extrude>
        <altitudeMode>absolute</altitudeMode>
        <coordinates>16.76706507671139,49.14715229477221,529.4143999999998</coordinates>
      </Point>
    </Placemark>
    <Placemark>
      <name></name>
      <Point>
        <extrude>1</extrude>
        <altitudeMode>absolute</altitudeMode>
        <coordinates>16.768240658857167,49.14709851711982,537.4243999999998</coordinates>
      </Point>
    </Placemark>
    <Placemark>
      <name></name>
      <Point>
        <extrude>1</extrude>
        <altitudeMode>absolute</altitudeMode>
        <coordinates>16.769416688352635,49.14704471894251,545.4343999999998</coordinates>
      </Point>
    </Placemark>
    <Placemark>
      <name></name>
      <Point>
        <extrude>1</extrude>
        <altitudeMode>absolute</altitudeMode>
        <coordinates>16.770593165441284,49.14699090022905,553.4443999999997</coordinates>
      </Point>
    </Placemark>
    <Placemark>
      <name></name>
      <Point>
        <extrude>1</extrude>
        <altitudeMode>absolute</altitudeMode>
        <coordinates>16.7717700903668,49.146937060968234,561.4543999999997</coordinates>
      </Point>
    </Placemark>
    <Placemark>
      <name></name>
      <Point>
        <extrude>1</extrude>
        <altitudeMode>absolute</altitudeMode>
        <coordinates>16.77294746337307,49.146883201148825,569.4643999999997</coordinates>
      </Point>
    </Placemark>
    <Placemark>
      <name></name>
      <Point>
        <extrude>1</extrude>
        <altitudeMode>absolute</altitudeMode>
        <coordinates>16.774125284704127,49.14682932075959,577.4743999999997</coordinates>
      </Point>
    </Placemark>
    <Placemark>
      <name></name>
      <Point>
        <extrude>1</extrude>
        <altitudeMode>absolute</altitudeMode>
        <coordinates>16.775303554604136,49.146775419789314,585.4843999999997</coordinates>
      </Point>
    </Placemark>
    <Placemark>
      <name></name>
      <Point>
        <extrude>1</extrude>
        <altitudeMode>absolute</altitudeMode>
        <coordinates>16.77648227331747,49.14672149822671,593.4943999999997</coordinates>
      </Point>
    </Placemark>
    <Placemark>
      <name></name>
      <Point>
        <extrude>1</extrude>
        <altitudeMode>absolute</altitudeMode>
        <coordinates>16.77766144108864,49.14666755606054,601.5043999999997</coordinates>
      </Point>
    </Placemark>
    <Placemark>
      <name></name>
      <Point>
        <extrude>1</extrude>
        <altitudeMode>absolute</altitudeMode>
        <coordinates>16.778841058162357,49.14661359327955,609.5143999999997</coordinates>
      </Point>
    </Placemark>
    <Placemark>
      <name></name>
      <Point>
        <extrude>1</extrude>
        <altitudeMode>absolute</altitudeMode>
        <coordinates>16.780021124783445,49.14655960987243,617.5243999999997</coordinates>
      </Point>
    </Placemark>
    <Placemark>
      <name></name>
      <Point>
        <extrude>1</extrude>
        <altitudeMode>absolute</altitudeMode>
        <coordinates>16.781201641196958,49.14650560582795,625.5343999999997</coordinates>
      </Point>
    </Placemark>
    <Placemark>
      <name></name>
      <Point>
        <extrude>1</extrude>
        <altitudeMode>absolute</altitudeMode>
        <coordinates>16.782382607648117,49.146451581134805,633.5443999999997</coordinates>
      </Point>
    </Placemark>
    <Placemark>
      <name></name>
      <Point>
        <extrude>1</extrude>
        <altitudeMode>absolute</altitudeMode>
        <coordinates>16.78356402438223,49.14639753578168,641.5543999999996</coordinates>
      </Point>
    </Placemark>
    <Placemark>
      <name></name>
      <Point>
        <extrude>1</extrude>
        <altitudeMode>absolute</altitudeMode>
        <coordinates>16.78474589164486,49.1463434697573,649.5643999999996</coordinates>
      </Point>
    </Placemark>
    <Placemark>
      <name></name>
      <Point>
        <extrude>1</extrude>
        <altitudeMode>absolute</altitudeMode>
        <coordinates>16.785928209681686,49.14628938305034,657.5743999999996</coordinates>
      </Point>
    </Placemark>
    <Placemark>
      <name></name>
      <Point>
        <extrude>1</extrude>
        <altitudeMode>absolute</altitudeMode>
        <coordinates>16.787110978738582,49.146235275649495,665.5843999999996</coordinates>
      </Point>
    </Placemark>
    <Placemark>
      <name></name>
      <Point>
        <extrude>1</extrude>
        <altitudeMode>absolute</altitudeMode>
        <coordinates>16.788294199061568,49.14618114754342,673.5943999999996</coordinates>
      </Point>
    </Placemark>
    <Placemark>
      <name></name>
      <Point>
        <extrude>1</extrude>
        <altitudeMode>absolute</altitudeMode>
        <coordinates>16.78947787089686,49.1461269987208,681.6043999999996</coordinates>
      </Point>
    </Placemark>
    <Placemark>
      <name></name>
      <Point>
        <extrude>1</extrude>
        <altitudeMode>absolute</altitudeMode>
        <coordinates>16.79066199449082,49.14607282917029,689.6143999999996</coordinates>
      </Point>
    </Placemark>
    <Placemark>
      <name></name>
      <Point>
        <extrude>1</extrude>
        <altitudeMode>absolute</altitudeMode>
        <coordinates>16.79184657009,49.14601863888054,697.6243999999996</coordinates>
      </Point>
    </Placemark>
    <Placemark>
      <name></name>
      <Point>
        <extrude>1</extrude>
        <altitudeMode>absolute</altitudeMode>
        <coordinates>16.79303159794111,49.14596442784018,705.6343999999996</coordinates>
      </Point>
    </Placemark>
    <Placemark>
      <name></name>
      <Point>
        <extrude>1</extrude>
        <altitudeMode>absolute</altitudeMode>
        <coordinates>16.794217078290984,49.14591019603787,713.6443999999996</coordinates>
      </Point>
    </Placemark>
    <Placemark>
      <name></name>
      <Point>
        <extrude>1</extrude>
        <altitudeMode>absolute</altitudeMode>
        <coordinates>16.795403011386696,49.14585594346221,721.6543999999996</coordinates>
      </Point>
    </Placemark>
    <Placemark>
      <name></name>
      <Point>
        <extrude>1</extrude>
        <altitudeMode>absolute</altitudeMode>
        <coordinates>16.79658939747543,49.14580167010185,729.6643999999995</coordinates>
      </Point>
    </Placemark>
    <Placemark>
      <name></name>
      <Point>
        <extrude>1</extrude>
        <altitudeMode>absolute</altitudeMode>
        <coordinates>16.797776236804623,49.14574737594537,737.6743999999995</coordinates>
      </Point>
    </Placemark>
    <Placemark>
      <name></name>
      <Point>
        <extrude>1</extrude>
        <altitudeMode>absolute</altitudeMode>
        <coordinates>16.7989635296218,49.14569306098139,745.6843999999995</coordinates>
      </Point>
    </Placemark>
    <Placemark>
      <name></name>
      <Point>
        <extrude>1</extrude>
        <altitudeMode>absolute</altitudeMode>
        <coordinates>16.80015127617466,49.14563872519851,753.6943999999995</coordinates>
      </Point>
    </Placemark>
    <Placemark>
      <name></name>
      <Point>
        <extrude>1</extrude>
        <altitudeMode>absolute</altitudeMode>
        <coordinates>16.801339476711092,49.14558436858531,761.7043999999995</coordinates>
      </Point>
    </Placemark>
    <Placemark>
      <name></name>
      <Point>
        <extrude>1</extrude>
        <altitudeMode>absolute</altitudeMode>
        <coordinates>16.802528131479193,49.14552999113037,769.7143999999995</coordinates>
      </Point>
    </Placemark>
    <Placemark>
      <name></name>
      <Point>
        <extrude>1</extrude>
        <altitudeMode>absolute</altitudeMode>
        <coordinates>16.803717240727167,49.14547559282227,777.7243999999995</coordinates>
      </Point>
    </Placemark>
    <Placemark>
      <name></name>
      <Point>
        <extrude>1</extrude>
        <altitudeMode>absolute</altitudeMode>
        <coordinates>16.80490680470342,49.14542117364958,785.7343999999995</coordinates>
      </Point>
    </Placemark>
    <Placemark>
      <name></name>
      <Point>
        <extrude>1</extrude>
        <altitudeMode>absolute</altitudeMode>
        <coordinates>16.806096823656503,49.145366733600845,793.7443999999995</coordinates>
      </Point>
    </Placemark>
    <Placemark>
      <name></name>
      <Point>
        <extrude>1</extrude>
        <altitudeMode>absolute</altitudeMode>
        <coordinates>16.80728729783516,49.14531227266461,801.7543999999995</coordinates>
      </Point>
    </Placemark>
    <Placemark>
      <name></name>
      <Point>
        <extrude>1</extrude>
        <altitudeMode>absolute</altitudeMode>
        <coordinates>16.808478227488308,49.14525779082943,809.7643999999995</coordinates>
      </Point>
    </Placemark>
    <Placemark>
      <name></name>
      <Point>
        <extrude>1</extrude>
        <altitudeMode>absolute</altitudeMode>
        <coordinates>16.809669612865036,49.14520328808384,817.7743999999994</coordinates>
      </Point>
    </Placemark>
    <Placemark>
      <name></name>
      <Point>
        <extrude>1</extrude>
        <altitudeMode>absolute</altitudeMode>
        <coordinates>16.810861454214574,49.14514876441634,825.7843999999994</coordinates>
      </Point>
    </Placemark>
    <Placemark>
      <name></name>
      <Point>
        <extrude>1</extrude>
        <altitudeMode>absolute</altitudeMode>
        <coordinates>16.81205375178635,49.145094219815476,833.7943999999994</coordinates>
      </Point>
    </Placemark>
    <Placemark>
      <name></name>
      <Point>
        <extrude>1</extrude>
        <altitudeMode>absolute</altitudeMode>
        <coordinates>16.813246505829966,49.14503965426975,841.8043999999994</coordinates>
      </Point>
    </Placemark>
    <Placemark>
      <name></name>
      <Point>
        <extrude>1</extrude>
        <altitudeMode>absolute</altitudeMode>
        <coordinates>16.81443971659516,49.14498506776766,849.8143999999994</coordinates>
      </Point>
    </Placemark>
    <Placemark>
      <name></name>
      <Point>
        <extrude>1</extrude>
        <altitudeMode>absolute</altitudeMode>
        <coordinates>16.815633384331903,49.144930460297694,857.8243999999994</coordinates>
      </Point>
    </Placemark>
    <Placemark>
      <name></name>
      <Point>
        <extrude>1</extrude>
        <altitudeMode>absolute</altitudeMode>
        <coordinates>16.816827509290277,49.14487583184836,865.8343999999994</coordinates>
      </Point>
    </Placemark>
    <Placemark>
      <name></name>
      <Point>
        <extrude>1</extrude>
        <altitudeMode>absolute</altitudeMode>
        <coordinates>16.818022091720536,49.144821182408116,873.8443999999994</coordinates>
      </Point>
    </Placemark>
    <Placemark>
      <name></name>
      <Point>
        <extrude>1</extrude>
        <altitudeMode>absolute</altitudeMode>
        <coordinates>16.81921713187316,49.14476651196543,881.8543999999994</coordinates>
      </Point>
    </Placemark>
    <Placemark>
      <name></name>
      <Point>
        <extrude>1</extrude>
        <altitudeMode>absolute</altitudeMode>
        <coordinates>16.820412629998742,49.14471182050877,889.8643999999994</coordinates>
      </Point>
    </Placemark>
    <Placemark>
      <name></name>
      <Point>
        <extrude>1</extrude>
        <altitudeMode>absolute</altitudeMode>
        <coordinates>16.821608586348106,49.1446571080266,897.8743999999994</coordinates>
      </Point>
    </Placemark>
    <Placemark>
      <name></name>
      <Point>
        <extrude>1</extrude>
        <altitudeMode>absolute</altitudeMode>
        <coordinates>16.822805001172185,49.14460237450735,905.8843999999993</coordinates>
      </Point>
    </Placemark>
    <Placemark>
      <name></name>
      <Point>
        <extrude>1</extrude>
        <altitudeMode>absolute</altitudeMode>
        <coordinates>16.824001874722114,49.14454761993947,913.8943999999993</coordinates>
      </Point>
    </Placemark>
    <Placemark>
      <name></name>
      <Point>
        <extrude>1</extrude>
        <altitudeMode>absolute</altitudeMode>
        <coordinates>16.825199207249227,49.1444928443114,921.9043999999993</coordinates>
      </Point>
    </Placemark>
    <Placemark>
      <name></name>
      <Point>
        <extrude>1</extrude>
        <altitudeMode>absolute</altitudeMode>
        <coordinates>16.82639699900497,49.14443804761154,929.9143999999993</coordinates>
      </Point>
    </Placemark>
    <Placemark>
      <name></name>
      <Point>
        <extrude>1</extrude>
        <altitudeMode>absolute</altitudeMode>
        <coordinates>16.827595250241018,49.14438322982831,937.9243999999993</coordinates>
      </Point>
    </Placemark>
    <Placemark>
      <name></name>
      <Point>
        <extrude>1</extrude>
        <altitudeMode>absolute</altitudeMode>
        <coordinates>16.828793961209186,49.14432839095013,945.9343999999993</coordinates>
      </Point>
    </Placemark>
    <Placemark>
      <name></name>
      <Point>
        <extrude>1</extrude>
        <altitudeMode>absolute</altitudeMode>
        <coordinates>16.829993132161462,49.14427353096539,953.9443999999993</coordinates>
      </Point>
    </Placemark>
    <Placemark>
      <name></name>
      <Point>
        <extrude>1</extrude>
        <altitudeMode>absolute</altitudeMode>
        <coordinates>16.831192763350003,49.144218649862495,961.9543999999993</coordinates>
      </Point>
    </Placemark>
    <Placemark>
      <name></name>
      <Point>
        <extrude>1</extrude>
        <altitudeMode>absolute</altitudeMode>
        <coordinates>16.832392855027166,49.14416374762979,969.9643999999993</coordinates>
      </Point>
    </Placemark>
    <Placemark>
      <name></name>
      <Point>
        <extrude>1</extrude>
        <altitudeMode>absolute</altitudeMode>
        <coordinates>16.83359340744545,49.14410882425568,977.9743999999993</coordinates>
      </Point>
    </Placemark>
    <Placemark>
      <name></name>
      <Point>
        <extrude>1</extrude>
        <altitudeMode>absolute</altitudeMode>
        <coordinates>16.83479442085755,49.14405387972853,985.9843999999993</coordinates>
      </Point>
    </Placemark>
    <Placemark>
      <name></name>
      <Point>
        <extrude>1</extrude>
        <altitudeMode>absolute</altitudeMode>
        <coordinates>16.835995895516362,49.14399891403668,993.9943999999992</coordinates>
      </Point>
    </Placemark>
    <Placemark>
      <name></name>
      <Point>
        <extrude>1</extrude>
        <altitudeMode>absolute</altitudeMode>
        <coordinates>16.83719783167487,49.14394392716851,1002.0043999999992</coordinates>
      </Point>
    </Placemark>
    <Placemark>
      <name>climbRamp-4.5 nm</name>
      <Point>
        <extrude>1</extrude>
        <altitudeMode>absolute</altitudeMode>
        <coordinates>16.838400229586313,49.143888919112335,1010.0143999999992</coordinates>
      </Point>
    </Placemark>
    <Placemark>
      <name>turn-95.7-deg</name>
      <Point>
        <extrude>1</extrude>
        <altitudeMode>absolute</altitudeMode>
        <coordinates>16.83960004820173,49.143810465856156,1018.0243999999992</coordinates>
      </Point>
    </Placemark>
    <Placemark>
      <name></name>
      <Point>
        <extrude>1</extrude>
        <altitudeMode>absolute</altitudeMode>
        <coordinates>16.840803065487556,49.14375263944653,1026.0343999999993</coordinates>
      </Point>
    </Placemark>
    <Placemark>
      <name></name>
      <Point>
        <extrude>1</extrude>
        <altitudeMode>absolute</altitudeMode>
        <coordinates>16.842006543697675,49.14369477824129,1034.0443999999993</coordinates>
      </Point>
    </Placemark>
    <Placemark>
      <name></name>
      <Point>
        <extrude>1</extrude>
        <altitudeMode>absolute</altitudeMode>
        <coordinates>16.84321048308362,49.143636882213734,1042.0543999999993</coordinates>
      </Point>
    </Placemark>
    <Placemark>
      <name></name>
      <Point>
        <extrude>1</extrude>
        <altitudeMode>absolute</altitudeMode>
        <coordinates>16.844414883897084,49.14357895133716,1050.0643999999993</coordinates>
      </Point>
    </Placemark>
    <Placemark>
      <name></name>
      <Point>
        <extrude>1</extrude>
        <altitudeMode>absolute</altitudeMode>
        <coordinates>16.84561974638996,49.14352098558482,1058.0743999999993</coordinates>
      </Point>
    </Placemark>
    <Placemark>
      <name></name>
      <Point>
        <extrude>1</extrude>
        <altitudeMode>absolute</altitudeMode>
        <coordinates>16.8468250708143,49.143462984929975,1066.0843999999993</coordinates>
      </Point>
    </Placemark>
    <Placemark>
      <name></name>
      <Point>
        <extrude>1</extrude>
        <altitudeMode>absolute</altitudeMode>
        <coordinates>16.84803085742232,49.143404949345815,1074.0943999999993</coordinates>
      </Point>
    </Placemark>
    <Placemark>
      <name></name>
      <Point>
        <extrude>1</extrude>
        <altitudeMode>absolute</altitudeMode>
        <coordinates>16.849237106466404,49.14334687880555,1082.1043999999993</coordinates>
      </Point>
    </Placemark>
    <Placemark>
      <name></name>
      <Point>
        <extrude>1</extrude>
        <altitudeMode>absolute</altitudeMode>
        <coordinates>16.85044381819913,49.14328877328234,1090.1143999999993</coordinates>
      </Point>
    </Placemark>
    <Placemark>
      <name></name>
      <Point>
        <extrude>1</extrude>
        <altitudeMode>absolute</altitudeMode>
        <coordinates>16.85165099287322,49.14323063274935,1098.1243999999992</coordinates>
      </Point>
    </Placemark>
    <Placemark>
      <name></name>
      <Point>
        <extrude>1</extrude>
        <altitudeMode>absolute</altitudeMode>
        <coordinates>16.852858630741586,49.14317245717966,1106.1343999999992</coordinates>
      </Point>
    </Placemark>
    <Placemark>
      <name></name>
      <Point>
        <extrude>1</extrude>
        <altitudeMode>absolute</altitudeMode>
        <coordinates>16.854066732057305,49.14311424654637,1114.1443999999992</coordinates>
      </Point>
    </Placemark>
    <Placemark>
      <name></name>
      <Point>
        <extrude>1</extrude>
        <altitudeMode>absolute</altitudeMode>
        <coordinates>16.85527529707363,49.143056000822575,1122.1543999999992</coordinates>
      </Point>
    </Placemark>
    <Placemark>
      <name></name>
      <Point>
        <extrude>1</extrude>
        <altitudeMode>absolute</altitudeMode>
        <coordinates>16.856484326043986,49.14299771998129,1130.1643999999992</coordinates>
      </Point>
    </Placemark>
    <Placemark>
      <name></name>
      <Point>
        <extrude>1</extrude>
        <altitudeMode>absolute</altitudeMode>
        <coordinates>16.857693819221964,49.14293940399554,1138.1743999999992</coordinates>
      </Point>
    </Placemark>
    <Placemark>
      <name></name>
      <Point>
        <extrude>1</extrude>
        <altitudeMode>absolute</altitudeMode>
        <coordinates>16.858903776861336,49.142881052838334,1146.1843999999992</coordinates>
      </Point>
    </Placemark>
    <Placemark>
      <name></name>
      <Point>
        <extrude>1</extrude>
        <altitudeMode>absolute</altitudeMode>
        <coordinates>16.860114199216035,49.142822666482616,1154.1943999999992</coordinates>
      </Point>
    </Placemark>
    <Placemark>
      <name></name>
      <Point>
        <extrude>1</extrude>
        <altitudeMode>absolute</altitudeMode>
        <coordinates>16.861325086540187,49.14276424490135,1162.2043999999992</coordinates>
      </Point>
    </Placemark>
    <Placemark>
      <name></name>
      <Point>
        <extrude>1</extrude>
        <altitudeMode>absolute</altitudeMode>
        <coordinates>16.862536439088064,49.142705788067445,1170.2143999999992</coordinates>
      </Point>
    </Placemark>
    <Placemark>
      <name></name>
      <Point>
        <extrude>1</extrude>
        <altitudeMode>absolute</altitudeMode>
        <coordinates>16.863748257114135,49.1426472959538,1178.2243999999992</coordinates>
      </Point>
    </Placemark>
    <Placemark>
      <name></name>
      <Point>
        <extrude>1</extrude>
        <altitudeMode>absolute</altitudeMode>
        <coordinates>16.864960540873025,49.14258876853328,1186.2343999999991</coordinates>
      </Point>
    </Placemark>
    <Placemark>
      <name></name>
      <Point>
        <extrude>1</extrude>
        <altitudeMode>absolute</altitudeMode>
        <coordinates>16.866173290619543,49.142530205778726,1194.2443999999991</coordinates>
      </Point>
    </Placemark>
    <Placemark>
      <name></name>
      <Point>
        <extrude>1</extrude>
        <altitudeMode>absolute</altitudeMode>
        <coordinates>16.867386506608664,49.14247160766296,1202.2543999999991</coordinates>
      </Point>
    </Placemark>
    <Placemark>
      <name></name>
      <Point>
        <extrude>1</extrude>
        <altitudeMode>absolute</altitudeMode>
        <coordinates>16.86860018909554,49.14241297415878,1210.2643999999991</coordinates>
      </Point>
    </Placemark>
    <Placemark>
      <name></name>
      <Point>
        <extrude>1</extrude>
        <altitudeMode>absolute</altitudeMode>
        <coordinates>16.869814338335505,49.14235430523895,1218.274399999999</coordinates>
      </Point>
    </Placemark>
    <Placemark>
      <name></name>
      <Point>
        <extrude>1</extrude>
        <altitudeMode>absolute</altitudeMode>
        <coordinates>16.871028954584048,49.14229560087622,1226.284399999999</coordinates>
      </Point>
    </Placemark>
    <Placemark>
      <name></name>
      <Point>
        <extrude>1</extrude>
        <altitudeMode>absolute</altitudeMode>
        <coordinates>16.872244038096845,49.142236861043294,1234.294399999999</coordinates>
      </Point>
    </Placemark>
    <Placemark>
      <name></name>
      <Point>
        <extrude>1</extrude>
        <altitudeMode>absolute</altitudeMode>
        <coordinates>16.873459589129745,49.14217808571289,1242.304399999999</coordinates>
      </Point>
    </Placemark>
    <Placemark>
      <name></name>
      <Point>
        <extrude>1</extrude>
        <altitudeMode>absolute</altitudeMode>
        <coordinates>16.87467560793877,49.142119274857656,1250.314399999999</coordinates>
      </Point>
    </Placemark>
    <Placemark>
      <name></name>
      <Point>
        <extrude>1</extrude>
        <altitudeMode>absolute</altitudeMode>
        <coordinates>16.875892094780102,49.142060428450236,1258.324399999999</coordinates>
      </Point>
    </Placemark>
    <Placemark>
      <name></name>
      <Point>
        <extrude>1</extrude>
        <altitudeMode>absolute</altitudeMode>
        <coordinates>16.877109049910132,49.14200154646325,1266.334399999999</coordinates>
      </Point>
    </Placemark>
    <Placemark>
      <name></name>
      <Point>
        <extrude>1</extrude>
        <altitudeMode>absolute</altitudeMode>
        <coordinates>16.878326473585393,49.14194262886931,1274.344399999999</coordinates>
      </Point>
    </Placemark>
    <Placemark>
      <name></name>
      <Point>
        <extrude>1</extrude>
        <altitudeMode>absolute</altitudeMode>
        <coordinates>16.879544366062603,49.141883675640955,1282.354399999999</coordinates>
      </Point>
    </Placemark>
    <Placemark>
      <name></name>
      <Point>
        <extrude>1</extrude>
        <altitudeMode>absolute</altitudeMode>
        <coordinates>16.880762727598665,49.14182468675074,1290.364399999999</coordinates>
      </Point>
    </Placemark>
    <Placemark>
      <name></name>
      <Point>
        <extrude>1</extrude>
        <altitudeMode>absolute</altitudeMode>
        <coordinates>16.881981558450633,49.141765662171174,1298.374399999999</coordinates>
      </Point>
    </Placemark>
    <Placemark>
      <name></name>
      <Point>
        <extrude>1</extrude>
        <altitudeMode>absolute</altitudeMode>
        <coordinates>16.88320085887576,49.14170660187477,1306.384399999999</coordinates>
      </Point>
    </Placemark>
    <Placemark>
      <name></name>
      <Point>
        <extrude>1</extrude>
        <altitudeMode>absolute</altitudeMode>
        <coordinates>16.884420629131462,49.14164750583396,1314.394399999999</coordinates>
      </Point>
    </Placemark>
    <Placemark>
      <name></name>
      <Point>
        <extrude>1</extrude>
        <altitudeMode>absolute</altitudeMode>
        <coordinates>16.88564086947534,49.141588374021225,1322.404399999999</coordinates>
      </Point>
    </Placemark>
    <Placemark>
      <name></name>
      <Point>
        <extrude>1</extrude>
        <altitudeMode>absolute</altitudeMode>
        <coordinates>16.886861580165156,49.141529206408954,1330.414399999999</coordinates>
      </Point>
    </Placemark>
    <Placemark>
      <name></name>
      <Point>
        <extrude>1</extrude>
        <altitudeMode>absolute</altitudeMode>
        <coordinates>16.888082761458854,49.14147000296954,1338.424399999999</coordinates>
      </Point>
    </Placemark>
    <Placemark>
      <name></name>
      <Point>
        <extrude>1</extrude>
        <altitudeMode>absolute</altitudeMode>
        <coordinates>16.889304413614564,49.14141076367534,1346.434399999999</coordinates>
      </Point>
    </Placemark>
    <Placemark>
      <name></name>
      <Point>
        <extrude>1</extrude>
        <altitudeMode>absolute</altitudeMode>
        <coordinates>16.890526536890576,49.141351488498714,1354.444399999999</coordinates>
      </Point>
    </Placemark>
    <Placemark>
      <name></name>
      <Point>
        <extrude>1</extrude>
        <altitudeMode>absolute</altitudeMode>
        <coordinates>16.89174913154536,49.14129217741195,1362.454399999999</coordinates>
      </Point>
    </Placemark>
    <Placemark>
      <name></name>
      <Point>
        <extrude>1</extrude>
        <altitudeMode>absolute</altitudeMode>
        <coordinates>16.892972197837576,49.14123283038736,1370.464399999999</coordinates>
      </Point>
    </Placemark>
    <Placemark>
      <name></name>
      <Point>
        <extrude>1</extrude>
        <altitudeMode>absolute</altitudeMode>
        <coordinates>16.894195736026038,49.14117344739719,1378.474399999999</coordinates>
      </Point>
    </Placemark>
    <Placemark>
      <name></name>
      <Point>
        <extrude>1</extrude>
        <altitudeMode>absolute</altitudeMode>
        <coordinates>16.89541974636975,49.14111402841368,1386.484399999999</coordinates>
      </Point>
    </Placemark>
    <Placemark>
      <name></name>
      <Point>
        <extrude>1</extrude>
        <altitudeMode>absolute</altitudeMode>
        <coordinates>16.896644229127894,49.14105457340904,1394.494399999999</coordinates>
      </Point>
    </Placemark>
    <Placemark>
      <name></name>
      <Point>
        <extrude>1</extrude>
        <altitudeMode>absolute</altitudeMode>
        <coordinates>16.897869184559823,49.14099508235547,1402.504399999999</coordinates>
      </Point>
    </Placemark>
    <Placemark>
      <name></name>
      <Point>
        <extrude>1</extrude>
        <altitudeMode>absolute</altitudeMode>
        <coordinates>16.899094612925065,49.1409355552251,1410.514399999999</coordinates>
      </Point>
    </Placemark>
    <Placemark>
      <name></name>
      <Point>
        <extrude>1</extrude>
        <altitudeMode>absolute</altitudeMode>
        <coordinates>16.90032051448333,49.140875991990086,1418.5243999999989</coordinates>
      </Point>
    </Placemark>
    <Placemark>
      <name></name>
      <Point>
        <extrude>1</extrude>
        <altitudeMode>absolute</altitudeMode>
        <coordinates>16.901546889494508,49.14081639262253,1426.5343999999989</coordinates>
      </Point>
    </Placemark>
    <Placemark>
      <name></name>
      <Point>
        <extrude>1</extrude>
        <altitudeMode>absolute</altitudeMode>
        <coordinates>16.90277373821866,49.14075675709452,1434.5443999999989</coordinates>
      </Point>
    </Placemark>
    <Placemark>
      <name></name>
      <Point>
        <extrude>1</extrude>
        <altitudeMode>absolute</altitudeMode>
        <coordinates>16.904001060916013,49.14069708537809,1442.5543999999989</coordinates>
      </Point>
    </Placemark>
    <Placemark>
      <name></name>
      <Point>
        <extrude>1</extrude>
        <altitudeMode>absolute</altitudeMode>
        <coordinates>16.905228857847,49.1406373774453,1450.5643999999988</coordinates>
      </Point>
    </Placemark>
    <Placemark>
      <name></name>
      <Point>
        <extrude>1</extrude>
        <altitudeMode>absolute</altitudeMode>
        <coordinates>16.906457129272212,49.14057763326815,1458.5743999999988</coordinates>
      </Point>
    </Placemark>
    <Placemark>
      <name></name>
      <Point>
        <extrude>1</extrude>
        <altitudeMode>absolute</altitudeMode>
        <coordinates>16.907685875452422,49.1405178528186,1466.5843999999988</coordinates>
      </Point>
    </Placemark>
    <Placemark>
      <name></name>
      <Point>
        <extrude>1</extrude>
        <altitudeMode>absolute</altitudeMode>
        <coordinates>16.908915096648574,49.1404580360686,1474.5943999999988</coordinates>
      </Point>
    </Placemark>
    <Placemark>
      <name></name>
      <Point>
        <extrude>1</extrude>
        <altitudeMode>absolute</altitudeMode>
        <coordinates>16.910144793121802,49.140398182990104,1482.6043999999988</coordinates>
      </Point>
    </Placemark>
    <Placemark>
      <name></name>
      <Point>
        <extrude>1</extrude>
        <altitudeMode>absolute</altitudeMode>
        <coordinates>16.911374965133408,49.140338293555,1490.6143999999988</coordinates>
      </Point>
    </Placemark>
    <Placemark>
      <name></name>
      <Point>
        <extrude>1</extrude>
        <altitudeMode>absolute</altitudeMode>
        <coordinates>16.912605612944887,49.140278367735164,1498.6243999999988</coordinates>
      </Point>
    </Placemark>
    <Placemark>
      <name>flyby-EndOfClimbRamp</name>
      <Point>
        <extrude>1</extrude>
        <altitudeMode>absolute</altitudeMode>
        <coordinates>16.913836736817892,49.14021840550244,1506.6343999999988</coordinates>
      </Point>
    </Placemark>
    <Placemark>
      <name>turn-91.4-deg</name>
      <Point>
        <extrude>1</extrude>
        <altitudeMode>absolute</altitudeMode>
        <coordinates>16.913894182674483,49.1402565937194,1514.6443999999988</coordinates>
      </Point>
    </Placemark>
    <Placemark>
      <name></name>
      <Point>
        <extrude>1</extrude>
        <altitudeMode>absolute</altitudeMode>
        <coordinates>16.915126315290678,49.140197029362795,1522.6543999999988</coordinates>
      </Point>
    </Placemark>
    <Placemark>
      <name></name>
      <Point>
        <extrude>1</extrude>
        <altitudeMode>absolute</altitudeMode>
        <coordinates>16.91635892479949,49.14013742869087,1530.6643999999987</coordinates>
      </Point>
    </Placemark>
    <Placemark>
      <name></name>
      <Point>
        <extrude>1</extrude>
        <altitudeMode>absolute</altitudeMode>
        <coordinates>16.917592011463327,49.14007779167546,1538.6743999999987</coordinates>
      </Point>
    </Placemark>
    <Placemark>
      <name></name>
      <Point>
        <extrude>1</extrude>
        <altitudeMode>absolute</altitudeMode>
        <coordinates>16.91882557554479,49.140018118288374,1546.6843999999987</coordinates>
      </Point>
    </Placemark>
    <Placemark>
      <name></name>
      <Point>
        <extrude>1</extrude>
        <altitudeMode>absolute</altitudeMode>
        <coordinates>16.92005961730664,49.13995840850142,1554.6943999999987</coordinates>
      </Point>
    </Placemark>
    <Placemark>
      <name></name>
      <Point>
        <extrude>1</extrude>
        <altitudeMode>absolute</altitudeMode>
        <coordinates>16.921294137011856,49.139898662286356,1562.7043999999987</coordinates>
      </Point>
    </Placemark>
    <Placemark>
      <name></name>
      <Point>
        <extrude>1</extrude>
        <altitudeMode>absolute</altitudeMode>
        <coordinates>16.922529134923547,49.13983887961492,1570.7143999999987</coordinates>
      </Point>
    </Placemark>
    <Placemark>
      <name></name>
      <Point>
        <extrude>1</extrude>
        <altitudeMode>absolute</altitudeMode>
        <coordinates>16.923764611305046,49.13977906045884,1578.7243999999987</coordinates>
      </Point>
    </Placemark>
    <Placemark>
      <name></name>
      <Point>
        <extrude>1</extrude>
        <altitudeMode>absolute</altitudeMode>
        <coordinates>16.925000566419833,49.139719204789785,1586.7343999999987</coordinates>
      </Point>
    </Placemark>
    <Placemark>
      <name></name>
      <Point>
        <extrude>1</extrude>
        <altitudeMode>absolute</altitudeMode>
        <coordinates>16.92623700053159,49.13965931257942,1594.7443999999987</coordinates>
      </Point>
    </Placemark>
    <Placemark>
      <name></name>
      <Point>
        <extrude>1</extrude>
        <altitudeMode>absolute</altitudeMode>
        <coordinates>16.927473913904162,49.1395993837994,1602.7543999999987</coordinates>
      </Point>
    </Placemark>
    <Placemark>
      <name></name>
      <Point>
        <extrude>1</extrude>
        <altitudeMode>absolute</altitudeMode>
        <coordinates>16.928711306801592,49.13953941842131,1610.7643999999987</coordinates>
      </Point>
    </Placemark>
    <Placemark>
      <name></name>
      <Point>
        <extrude>1</extrude>
        <altitudeMode>absolute</altitudeMode>
        <coordinates>16.929949179488087,49.139479416416734,1618.7743999999986</coordinates>
      </Point>
    </Placemark>
    <Placemark>
      <name></name>
      <Point>
        <extrude>1</extrude>
        <altitudeMode>absolute</altitudeMode>
        <coordinates>16.931187532228044,49.139419377757235,1626.7843999999986</coordinates>
      </Point>
    </Placemark>
    <Placemark>
      <name></name>
      <Point>
        <extrude>1</extrude>
        <altitudeMode>absolute</altitudeMode>
        <coordinates>16.93242636528604,49.139359302414356,1634.7943999999986</coordinates>
      </Point>
    </Placemark>
    <Placemark>
      <name></name>
      <Point>
        <extrude>1</extrude>
        <altitudeMode>absolute</altitudeMode>
        <coordinates>16.93366567892682,49.139299190359566,1642.8043999999986</coordinates>
      </Point>
    </Placemark>
    <Placemark>
      <name></name>
      <Point>
        <extrude>1</extrude>
        <altitudeMode>absolute</altitudeMode>
        <coordinates>16.93490547341533,49.13923904156437,1650.8143999999986</coordinates>
      </Point>
    </Placemark>
    <Placemark>
      <name></name>
      <Point>
        <extrude>1</extrude>
        <altitudeMode>absolute</altitudeMode>
        <coordinates>16.936145749016685,49.139178856000214,1658.8243999999986</coordinates>
      </Point>
    </Placemark>
    <Placemark>
      <name></name>
      <Point>
        <extrude>1</extrude>
        <altitudeMode>absolute</altitudeMode>
        <coordinates>16.937386505996184,49.13911863363852,1666.8343999999986</coordinates>
      </Point>
    </Placemark>
    <Placemark>
      <name></name>
      <Point>
        <extrude>1</extrude>
        <altitudeMode>absolute</altitudeMode>
        <coordinates>16.938627744619303,49.13905837445066,1674.8443999999986</coordinates>
      </Point>
    </Placemark>
    <Placemark>
      <name></name>
      <Point>
        <extrude>1</extrude>
        <altitudeMode>absolute</altitudeMode>
        <coordinates>16.93986946515171,49.13899807840805,1682.8543999999986</coordinates>
      </Point>
    </Placemark>
    <Placemark>
      <name></name>
      <Point>
        <extrude>1</extrude>
        <altitudeMode>absolute</altitudeMode>
        <coordinates>16.941111667859236,49.138937745482,1690.8643999999986</coordinates>
      </Point>
    </Placemark>
    <Placemark>
      <name></name>
      <Point>
        <extrude>1</extrude>
        <altitudeMode>absolute</altitudeMode>
        <coordinates>16.942354353007914,49.138877375643844,1698.8743999999986</coordinates>
      </Point>
    </Placemark>
    <Placemark>
      <name></name>
      <Point>
        <extrude>1</extrude>
        <altitudeMode>absolute</altitudeMode>
        <coordinates>16.943597520863953,49.13881696886487,1706.8843999999985</coordinates>
      </Point>
    </Placemark>
    <Placemark>
      <name></name>
      <Point>
        <extrude>1</extrude>
        <altitudeMode>absolute</altitudeMode>
        <coordinates>16.94484117169373,49.13875652511632,1714.8943999999985</coordinates>
      </Point>
    </Placemark>
    <Placemark>
      <name></name>
      <Point>
        <extrude>1</extrude>
        <altitudeMode>absolute</altitudeMode>
        <coordinates>16.946085305763823,49.13869604436947,1722.9043999999985</coordinates>
      </Point>
    </Placemark>
    <Placemark>
      <name></name>
      <Point>
        <extrude>1</extrude>
        <altitudeMode>absolute</altitudeMode>
        <coordinates>16.94732992334098,49.1386355265955,1730.9143999999985</coordinates>
      </Point>
    </Placemark>
    <Placemark>
      <name></name>
      <Point>
        <extrude>1</extrude>
        <altitudeMode>absolute</altitudeMode>
        <coordinates>16.948575024692136,49.13857497176561,1738.9243999999985</coordinates>
      </Point>
    </Placemark>
    <Placemark>
      <name></name>
      <Point>
        <extrude>1</extrude>
        <altitudeMode>absolute</altitudeMode>
        <coordinates>16.949820610084412,49.13851437985095,1746.9343999999985</coordinates>
      </Point>
    </Placemark>
    <Placemark>
      <name>flyby-StartOfDescentRamp</name>
      <Point>
        <extrude>1</extrude>
        <altitudeMode>absolute</altitudeMode>
        <coordinates>16.951066679785104,49.138453750822634,1754.9443999999985</coordinates>
      </Point>
    </Placemark>
    <Placemark>
      <name></name>
      <Point>
        <extrude>1</extrude>
        <altitudeMode>absolute</altitudeMode>
        <coordinates>16.9514349989866,49.13841225954724,1762.9543999999985</coordinates>
      </Point>
    </Placemark>
    <Placemark>
      <name></name>
      <Point>
        <extrude>1</extrude>
        <altitudeMode>absolute</altitudeMode>
        <coordinates>16.952674649021446,49.13830479127301,1770.9643999999985</coordinates>
      </Point>
    </Placemark>
    <Placemark>
      <name></name>
      <Point>
        <extrude>1</extrude>
        <altitudeMode>absolute</altitudeMode>
        <coordinates>16.95390954092005,49.13817398591622,1778.9743999999985</coordinates>
      </Point>
    </Placemark>
    <Placemark>
      <name></name>
      <Point>
        <extrude>1</extrude>
        <altitudeMode>absolute</altitudeMode>
        <coordinates>16.9551386451393,49.138019924473284,1786.9843999999985</coordinates>
      </Point>
    </Placemark>
    <Placemark>
      <name></name>
      <Point>
        <extrude>1</extrude>
        <altitudeMode>absolute</altitudeMode>
        <coordinates>16.95636093494244,49.137842707404346,1794.9943999999984</coordinates>
      </Point>
    </Placemark>
    <Placemark>
      <name></name>
      <Point>
        <extrude>1</extrude>
        <altitudeMode>absolute</altitudeMode>
        <coordinates>16.957575387263773,49.13764245460306,1803.0043999999984</coordinates>
      </Point>
    </Placemark>
    <Placemark>
      <name></name>
      <Point>
        <extrude>1</extrude>
        <altitudeMode>absolute</altitudeMode>
        <coordinates>16.958780983573234,49.13741930535002,1811.0143999999984</coordinates>
      </Point>
    </Placemark>
    <Placemark>
      <name></name>
      <Point>
        <extrude>1</extrude>
        <altitudeMode>absolute</altitudeMode>
        <coordinates>16.95997671074022,49.1371734182499,1819.0243999999984</coordinates>
      </Point>
    </Placemark>
    <Placemark>
      <name></name>
      <Point>
        <extrude>1</extrude>
        <altitudeMode>absolute</altitudeMode>
        <coordinates>16.961161561895835,49.13690497115214,1827.0343999999984</coordinates>
      </Point>
    </Placemark>
    <Placemark>
      <name></name>
      <Point>
        <extrude>1</extrude>
        <altitudeMode>absolute</altitudeMode>
        <coordinates>16.962334537292747,49.13661416105533,1835.0443999999984</coordinates>
      </Point>
    </Placemark>
    <Placemark>
      <name></name>
      <Point>
        <extrude>1</extrude>
        <altitudeMode>absolute</altitudeMode>
        <coordinates>16.96349464516223,49.13630120399518,1843.0543999999984</coordinates>
      </Point>
    </Placemark>
    <Placemark>
      <name></name>
      <Point>
        <extrude>1</extrude>
        <altitudeMode>absolute</altitudeMode>
        <coordinates>16.96464090256731,49.13596633491621,1851.0643999999984</coordinates>
      </Point>
    </Placemark>
    <Placemark>
      <name></name>
      <Point>
        <extrude>1</extrude>
        <altitudeMode>absolute</altitudeMode>
        <coordinates>16.965772336251376,49.13560980752708,1859.0743999999984</coordinates>
      </Point>
    </Placemark>
    <Placemark>
      <name></name>
      <Point>
        <extrude>1</extrude>
        <altitudeMode>absolute</altitudeMode>
        <coordinates>16.966887983481655,49.13523189413969,1867.0843999999984</coordinates>
      </Point>
    </Placemark>
    <Placemark>
      <name></name>
      <Point>
        <extrude>1</extrude>
        <altitudeMode>absolute</altitudeMode>
        <coordinates>16.96798689288653,49.13483288549214,1875.0943999999984</coordinates>
      </Point>
    </Placemark>
    <Placemark>
      <name></name>
      <Point>
        <extrude>1</extrude>
        <altitudeMode>absolute</altitudeMode>
        <coordinates>16.969068125286384,49.13441309055546,1883.1043999999983</coordinates>
      </Point>
    </Placemark>
    <Placemark>
      <name></name>
      <Point>
        <extrude>1</extrude>
        <altitudeMode>absolute</altitudeMode>
        <coordinates>16.97013075451673,49.13397283632451,1891.1143999999983</coordinates>
      </Point>
    </Placemark>
    <Placemark>
      <name></name>
      <Point>
        <extrude>1</extrude>
        <altitudeMode>absolute</altitudeMode>
        <coordinates>16.971173868243255,49.13351246759277,1899.1243999999983</coordinates>
      </Point>
    </Placemark>
    <Placemark>
      <name></name>
      <Point>
        <extrude>1</extrude>
        <altitudeMode>absolute</altitudeMode>
        <coordinates>16.972196568768027,49.13303234671155,1907.1343999999983</coordinates>
      </Point>
    </Placemark>
    <Placemark>
      <name></name>
      <Point>
        <extrude>1</extrude>
        <altitudeMode>absolute</altitudeMode>
        <coordinates>16.973197973825876,49.1325328533334,1915.1443999999983</coordinates>
      </Point>
    </Placemark>
    <Placemark>
      <name></name>
      <Point>
        <extrude>1</extrude>
        <altitudeMode>absolute</altitudeMode>
        <coordinates>16.97417721737054,49.132014384140035,1923.1543999999983</coordinates>
      </Point>
    </Placemark>
    <Placemark>
      <name></name>
      <Point>
        <extrude>1</extrude>
        <altitudeMode>absolute</altitudeMode>
        <coordinates>16.975133450349688,49.13147735255506,1931.1643999999983</coordinates>
      </Point>
    </Placemark>
    <Placemark>
      <name></name>
      <Point>
        <extrude>1</extrude>
        <altitudeMode>absolute</altitudeMode>
        <coordinates>16.9760658414682,49.130922188441346,1939.1743999999983</coordinates>
      </Point>
    </Placemark>
    <Placemark>
      <name></name>
      <Point>
        <extrude>1</extrude>
        <altitudeMode>absolute</altitudeMode>
        <coordinates>16.976973577938878,49.130349337783606,1947.1843999999983</coordinates>
      </Point>
    </Placemark>
    <Placemark>
      <name></name>
      <Point>
        <extrude>1</extrude>
        <altitudeMode>absolute</altitudeMode>
        <coordinates>16.97785586622001,49.12975926235608,1955.1943999999983</coordinates>
      </Point>
    </Placemark>
    <Placemark>
      <name></name>
      <Point>
        <extrude>1</extrude>
        <altitudeMode>absolute</altitudeMode>
        <coordinates>16.97871193273906,49.12915243937578,1963.2043999999983</coordinates>
      </Point>
    </Placemark>
    <Placemark>
      <name></name>
      <Point>
        <extrude>1</extrude>
        <altitudeMode>absolute</altitudeMode>
        <coordinates>16.979541024601872,49.128529361141304,1971.2143999999982</coordinates>
      </Point>
    </Placemark>
    <Placemark>
      <name></name>
      <Point>
        <extrude>1</extrude>
        <altitudeMode>absolute</altitudeMode>
        <coordinates>16.980342410286624,49.127890534657716,1979.2243999999982</coordinates>
      </Point>
    </Placemark>
    <Placemark>
      <name></name>
      <Point>
        <extrude>1</extrude>
        <altitudeMode>absolute</altitudeMode>
        <coordinates>16.98111538032191,49.127236481247536,1987.2343999999982</coordinates>
      </Point>
    </Placemark>
    <Placemark>
      <name></name>
      <Point>
        <extrude>1</extrude>
        <altitudeMode>absolute</altitudeMode>
        <coordinates>16.981859247948307,49.1265677361482,1995.2443999999982</coordinates>
      </Point>
    </Placemark>
    <Placemark>
      <name></name>
      <Point>
        <extrude>1</extrude>
        <altitudeMode>absolute</altitudeMode>
        <coordinates>16.98257334976276,49.12588484809627,2003.2543999999982</coordinates>
      </Point>
    </Placemark>
    <Placemark>
      <name></name>
      <Point>
        <extrude>1</extrude>
        <altitudeMode>absolute</altitudeMode>
        <coordinates>16.983257046345415,49.12518837889868,2011.2643999999982</coordinates>
      </Point>
    </Placemark>
    <Placemark>
      <name></name>
      <Point>
        <extrude>1</extrude>
        <altitudeMode>absolute</altitudeMode>
        <coordinates>16.983909722867708,49.1244789029914,2019.2743999999982</coordinates>
      </Point>
    </Placemark>
    <Placemark>
      <name></name>
      <Point>
        <extrude>1</extrude>
        <altitudeMode>absolute</altitudeMode>
        <coordinates>16.984530789681912,49.1237570069857,2027.2843999999982</coordinates>
      </Point>
    </Placemark>
    <Placemark>
      <name></name>
      <Point>
        <extrude>1</extrude>
        <altitudeMode>absolute</altitudeMode>
        <coordinates>16.98511968289077,49.12302328920243,2035.2943999999982</coordinates>
      </Point>
    </Placemark>
    <Placemark>
      <name></name>
      <Point>
        <extrude>1</extrude>
        <altitudeMode>absolute</altitudeMode>
        <coordinates>16.98567586489719,49.12227835919471,2043.3043999999982</coordinates>
      </Point>
    </Placemark>
    <Placemark>
      <name></name>
      <Point>
        <extrude>1</extrude>
        <altitudeMode>absolute</altitudeMode>
        <coordinates>16.986198824933183,49.12152283725927,2051.3143999999984</coordinates>
      </Point>
    </Placemark>
    <Placemark>
      <name></name>
      <Point>
        <extrude>1</extrude>
        <altitudeMode>absolute</altitudeMode>
        <coordinates>16.986688079567784,49.12075735393695,2059.3243999999986</coordinates>
      </Point>
    </Placemark>
    <Placemark>
      <name></name>
      <Point>
        <extrude>1</extrude>
        <altitudeMode>absolute</altitudeMode>
        <coordinates>16.987143173192948,49.119982549502616,2067.334399999999</coordinates>
      </Point>
    </Placemark>
    <Placemark>
      <name></name>
      <Point>
        <extrude>1</extrude>
        <altitudeMode>absolute</altitudeMode>
        <coordinates>16.98756367848742,49.11919907344494,2075.344399999999</coordinates>
      </Point>
    </Placemark>
    <Placemark>
      <name></name>
      <Point>
        <extrude>1</extrude>
        <altitudeMode>absolute</altitudeMode>
        <coordinates>16.98794919685787,49.118407583936424,2083.3543999999993</coordinates>
      </Point>
    </Placemark>
    <Placemark>
      <name></name>
      <Point>
        <extrude>1</extrude>
        <altitudeMode>absolute</altitudeMode>
        <coordinates>16.988299358856665,49.117608747294184,2091.3643999999995</coordinates>
      </Point>
    </Placemark>
    <Placemark>
      <name></name>
      <Point>
        <extrude>1</extrude>
        <altitudeMode>absolute</altitudeMode>
        <coordinates>16.988613824576277,49.11680323743169,2099.3743999999997</coordinates>
      </Point>
    </Placemark>
    <Placemark>
      <name></name>
      <Point>
        <extrude>1</extrude>
        <altitudeMode>absolute</altitudeMode>
        <coordinates>16.988892284019357,49.1159917353022,2107.3844</coordinates>
      </Point>
    </Placemark>
    <Placemark>
      <name></name>
      <Point>
        <extrude>1</extrude>
        <altitudeMode>absolute</altitudeMode>
        <coordinates>16.98913445744438,49.11517492833402,2115.3944</coordinates>
      </Point>
    </Placemark>
    <Placemark>
      <name></name>
      <Point>
        <extrude>1</extrude>
        <altitudeMode>absolute</altitudeMode>
        <coordinates>16.989340095686515,49.11435350985831,2123.4044000000004</coordinates>
      </Point>
    </Placemark>
    <Placemark>
      <name></name>
      <Point>
        <extrude>1</extrude>
        <altitudeMode>absolute</altitudeMode>
        <coordinates>16.989508980453166,49.113528178529705,2131.4144000000006</coordinates>
      </Point>
    </Placemark>
    <Placemark>
      <name></name>
      <Point>
        <extrude>1</extrude>
        <altitudeMode>absolute</altitudeMode>
        <coordinates>16.9896409245938,49.1126996377403,2139.424400000001</coordinates>
      </Point>
    </Placemark>
    <Placemark>
      <name></name>
      <Point>
        <extrude>1</extrude>
        <altitudeMode>absolute</altitudeMode>
        <coordinates>16.989735772343977,49.111868595027495,2147.434400000001</coordinates>
      </Point>
    </Placemark>
    <Placemark>
      <name></name>
      <Point>
        <extrude>1</extrude>
        <altitudeMode>absolute</altitudeMode>
        <coordinates>16.989793399543004,49.11103576147617,2155.444400000001</coordinates>
      </Point>
    </Placemark>
    <Placemark>
      <name></name>
      <Point>
        <extrude>1</extrude>
        <altitudeMode>absolute</altitudeMode>
        <coordinates>16.9898137138251,49.11020185111563,2163.4544000000014</coordinates>
      </Point>
    </Placemark>
    <Placemark>
      <name></name>
      <Point>
        <extrude>1</extrude>
        <altitudeMode>absolute</altitudeMode>
        <coordinates>16.989796654783675,49.10936758031188,2171.4644000000017</coordinates>
      </Point>
    </Placemark>
    <Placemark>
      <name></name>
      <Point>
        <extrude>1</extrude>
        <altitudeMode>absolute</altitudeMode>
        <coordinates>16.9897421941086,49.10853366715575,2179.474400000002</coordinates>
      </Point>
    </Placemark>
    <Placemark>
      <name></name>
      <Point>
        <extrude>1</extrude>
        <altitudeMode>absolute</altitudeMode>
        <coordinates>16.989650335696126,49.10770083084729,2187.484400000002</coordinates>
      </Point>
    </Placemark>
    <Placemark>
      <name></name>
      <Point>
        <extrude>1</extrude>
        <altitudeMode>absolute</altitudeMode>
        <coordinates>16.989521115731293,49.106869791077074,2195.4944000000023</coordinates>
      </Point>
    </Placemark>
    <Placemark>
      <name></name>
      <Point>
        <extrude>1</extrude>
        <altitudeMode>absolute</altitudeMode>
        <coordinates>16.989354602742708,49.10604126740489,2203.5044000000025</coordinates>
      </Point>
    </Placemark>
    <Placemark>
      <name></name>
      <Point>
        <extrude>1</extrude>
        <altitudeMode>absolute</altitudeMode>
        <coordinates>16.9891508976294,49.10521597863623,2211.5144000000028</coordinates>
      </Point>
    </Placemark>
    <Placemark>
      <name></name>
      <Point>
        <extrude>1</extrude>
        <altitudeMode>absolute</altitudeMode>
        <coordinates>16.988910133659886,49.104394642197356,2219.524400000003</coordinates>
      </Point>
    </Placemark>
    <Placemark>
      <name></name>
      <Point>
        <extrude>1</extrude>
        <altitudeMode>absolute</altitudeMode>
        <coordinates>16.98863247644283,49.103577973509196,2227.534400000003</coordinates>
      </Point>
    </Placemark>
    <Placemark>
      <name></name>
      <Point>
        <extrude>1</extrude>
        <altitudeMode>absolute</altitudeMode>
        <coordinates>16.988318123869874,49.10276668536095,2235.5444000000034</coordinates>
      </Point>
    </Placemark>
    <Placemark>
      <name></name>
      <Point>
        <extrude>1</extrude>
        <altitudeMode>absolute</altitudeMode>
        <coordinates>16.987967306030043,49.10196148728354,2243.5544000000036</coordinates>
      </Point>
    </Placemark>
    <Placemark>
      <name></name>
      <Point>
        <extrude>1</extrude>
        <altitudeMode>absolute</altitudeMode>
        <coordinates>16.98758028509593,49.10116308492379,2251.564400000004</coordinates>
      </Point>
    </Placemark>
    <Placemark>
      <name></name>
      <Point>
        <extrude>1</extrude>
        <altitudeMode>absolute</altitudeMode>
        <coordinates>16.98715735518158,49.10037217941979,2259.574400000004</coordinates>
      </Point>
    </Placemark>
    <Placemark>
      <name></name>
      <Point>
        <extrude>1</extrude>
        <altitudeMode>absolute</altitudeMode>
        <coordinates>16.986698842172103,49.09958946677784,2267.5844000000043</coordinates>
      </Point>
    </Placemark>
    <Placemark>
      <name></name>
      <Point>
        <extrude>1</extrude>
        <altitudeMode>absolute</altitudeMode>
        <coordinates>16.98620510352515,49.09881563725183,2275.5944000000045</coordinates>
      </Point>
    </Placemark>
    <Placemark>
      <name></name>
      <Point>
        <extrude>1</extrude>
        <altitudeMode>absolute</altitudeMode>
        <coordinates>16.98567652804411,49.09805137472525,2283.6044000000047</coordinates>
      </Point>
    </Placemark>
    <Placemark>
      <name></name>
      <Point>
        <extrude>1</extrude>
        <altitudeMode>absolute</altitudeMode>
        <coordinates>16.985113535623157,49.09729735609673,2291.614400000005</coordinates>
      </Point>
    </Placemark>
    <Placemark>
      <name></name>
      <Point>
        <extrude>1</extrude>
        <altitudeMode>absolute</altitudeMode>
        <coordinates>16.984516576964523,49.0965542506694,2299.624400000005</coordinates>
      </Point>
    </Placemark>
    <Placemark>
      <name></name>
      <Point>
        <extrude>1</extrude>
        <altitudeMode>absolute</altitudeMode>
        <coordinates>16.98388613326776,49.095822719544756,2307.6344000000054</coordinates>
      </Point>
    </Placemark>
    <Placemark>
      <name></name>
      <Point>
        <extrude>1</extrude>
        <altitudeMode>absolute</altitudeMode>
        <coordinates>16.9832227158914,49.0951034150216,2315.6444000000056</coordinates>
      </Point>
    </Placemark>
    <Placemark>
      <name></name>
      <Point>
        <extrude>1</extrude>
        <altitudeMode>absolute</altitudeMode>
        <coordinates>16.982526865987012,49.09439698000044,2323.654400000006</coordinates>
      </Point>
    </Placemark>
    <Placemark>
      <name></name>
      <Point>
        <extrude>1</extrude>
        <altitudeMode>absolute</altitudeMode>
        <coordinates>16.981799154106056,49.09370404739417,2331.664400000006</coordinates>
      </Point>
    </Placemark>
    <Placemark>
      <name></name>
      <Point>
        <extrude>1</extrude>
        <altitudeMode>absolute</altitudeMode>
        <coordinates>16.981040179779797,49.09302523954532,2339.6744000000062</coordinates>
      </Point>
    </Placemark>
    <Placemark>
      <name></name>
      <Point>
        <extrude>1</extrude>
        <altitudeMode>absolute</altitudeMode>
        <coordinates>16.980250571072048,49.09236116765051,2347.6844000000065</coordinates>
      </Point>
    </Placemark>
    <Placemark>
      <name></name>
      <Point>
        <extrude>1</extrude>
        <altitudeMode>absolute</altitudeMode>
        <coordinates>16.979430984105818,49.09171243119274,2355.6944000000067</coordinates>
      </Point>
    </Placemark>
    <Placemark>
      <name></name>
      <Point>
        <extrude>1</extrude>
        <altitudeMode>absolute</altitudeMode>
        <coordinates>16.97858210256348,49.09107961738193,2363.704400000007</coordinates>
      </Point>
    </Placemark>
    <Placemark>
      <name></name>
      <Point>
        <extrude>1</extrude>
        <altitudeMode>absolute</altitudeMode>
        <coordinates>16.97770463716111,49.090463300604256,2371.714400000007</coordinates>
      </Point>
    </Placemark>
    <Placemark>
      <name></name>
      <Point>
        <extrude>1</extrude>
        <altitudeMode>absolute</altitudeMode>
        <coordinates>16.97679932509743,49.089864041880844,2379.7244000000073</coordinates>
      </Point>
    </Placemark>
    <Placemark>
      <name></name>
      <Point>
        <extrude>1</extrude>
        <altitudeMode>absolute</altitudeMode>
        <coordinates>16.97586692947735,49.08928238833637,2387.7344000000076</coordinates>
      </Point>
    </Placemark>
    <Placemark>
      <name></name>
      <Point>
        <extrude>1</extrude>
        <altitudeMode>absolute</altitudeMode>
        <coordinates>16.974908238711038,49.08871887267799,2395.7444000000078</coordinates>
      </Point>
    </Placemark>
    <Placemark>
      <name></name>
      <Point>
        <extrude>1</extrude>
        <altitudeMode>absolute</altitudeMode>
        <coordinates>16.973924065888525,49.08817401268514,2403.754400000008</coordinates>
      </Point>
    </Placemark>
    <Placemark>
      <name></name>
      <Point>
        <extrude>1</extrude>
        <altitudeMode>absolute</altitudeMode>
        <coordinates>16.97291524813042,49.08764831071083,2411.764400000008</coordinates>
      </Point>
    </Placemark>
    <Placemark>
      <name></name>
      <Point>
        <extrude>1</extrude>
        <altitudeMode>absolute</altitudeMode>
        <coordinates>16.971882645915258,49.0871422531947,2419.7744000000084</coordinates>
      </Point>
    </Placemark>
    <Placemark>
      <name></name>
      <Point>
        <extrude>1</extrude>
        <altitudeMode>absolute</altitudeMode>
        <coordinates>16.970827142384053,49.086656310188474,2427.7844000000086</coordinates>
      </Point>
    </Placemark>
    <Placemark>
      <name></name>
      <Point>
        <extrude>1</extrude>
        <altitudeMode>absolute</altitudeMode>
        <coordinates>16.96974964262222,49.086190934894304,2435.794400000009</coordinates>
      </Point>
    </Placemark>
    <Placemark>
      <name></name>
      <Point>
        <extrude>1</extrude>
        <altitudeMode>absolute</altitudeMode>
        <coordinates>16.96865107291984,49.08574656321634,2443.804400000009</coordinates>
      </Point>
    </Placemark>
    <Placemark>
      <name></name>
      <Point>
        <extrude>1</extrude>
        <altitudeMode>absolute</altitudeMode>
        <coordinates>16.967532380010653,49.08532361332613,2451.8144000000093</coordinates>
      </Point>
    </Placemark>
    <Placemark>
      <name></name>
      <Point>
        <extrude>1</extrude>
        <altitudeMode>absolute</altitudeMode>
        <coordinates>16.96639453029013,49.08492248524221,2459.8244000000095</coordinates>
      </Point>
    </Placemark>
    <Placemark>
      <name></name>
      <Point>
        <extrude>1</extrude>
        <altitudeMode>absolute</altitudeMode>
        <coordinates>16.965238509013744,49.08454356042432,2467.8344000000097</coordinates>
      </Point>
    </Placemark>
    <Placemark>
      <name></name>
      <Point>
        <extrude>1</extrude>
        <altitudeMode>absolute</altitudeMode>
        <coordinates>16.964065319475424,49.08418720138271,2475.84440000001</coordinates>
      </Point>
    </Placemark>
    <Placemark>
      <name></name>
      <Point>
        <extrude>1</extrude>
        <altitudeMode>absolute</altitudeMode>
        <coordinates>16.962875982167418,49.08385375130299,2483.85440000001</coordinates>
      </Point>
    </Placemark>
    <Placemark>
      <name></name>
      <Point>
        <extrude>1</extrude>
        <altitudeMode>absolute</altitudeMode>
        <coordinates>16.96167153392193,49.083543533686765,2491.8644000000104</coordinates>
      </Point>
    </Placemark>
    <Placemark>
      <name></name>
      <Point>
        <extrude>1</extrude>
        <altitudeMode>absolute</altitudeMode>
        <coordinates>16.9604530270351,49.08325685200868,2499.8744000000106</coordinates>
      </Point>
    </Placemark>
    <Placemark>
      <name></name>
      <Point>
        <extrude>1</extrude>
        <altitudeMode>absolute</altitudeMode>
        <coordinates>16.959221528374343,49.08299398939002,2507.884400000011</coordinates>
      </Point>
    </Placemark>
    <Placemark>
      <name></name>
      <Point>
        <extrude>1</extrude>
        <altitudeMode>absolute</altitudeMode>
        <coordinates>16.95797811846964,49.082755208289406,2515.894400000011</coordinates>
      </Point>
    </Placemark>
    <Placemark>
      <name></name>
      <Point>
        <extrude>1</extrude>
        <altitudeMode>absolute</altitudeMode>
        <coordinates>16.956723890589302,49.08254075021081,2523.9044000000113</coordinates>
      </Point>
    </Placemark>
    <Placemark>
      <name></name>
      <Point>
        <extrude>1</extrude>
        <altitudeMode>absolute</altitudeMode>
        <coordinates>16.95545994980131,49.08235083542937,2531.9144000000115</coordinates>
      </Point>
    </Placemark>
    <Placemark>
      <name></name>
      <Point>
        <extrude>1</extrude>
        <altitudeMode>absolute</altitudeMode>
        <coordinates>16.95418741202073,49.0821856627352,2539.9244000000117</coordinates>
      </Point>
    </Placemark>
    <Placemark>
      <name></name>
      <Point>
        <extrude>1</extrude>
        <altitudeMode>absolute</altitudeMode>
        <coordinates>16.95290740304418,49.08204540919556,2547.934400000012</coordinates>
      </Point>
    </Placemark>
    <Placemark>
      <name></name>
      <Point>
        <extrude>1</extrude>
        <altitudeMode>absolute</altitudeMode>
        <coordinates>16.951621057571913,49.081930229935665,2555.944400000012</coordinates>
      </Point>
    </Placemark>
    <Placemark>
      <name></name>
      <Point>
        <extrude>1</extrude>
        <altitudeMode>absolute</altitudeMode>
        <coordinates>16.950329518218666,49.081840257938424,2563.9544000000124</coordinates>
      </Point>
    </Placemark>
    <Placemark>
      <name></name>
      <Point>
        <extrude>1</extrude>
        <altitudeMode>absolute</altitudeMode>
        <coordinates>16.949033934513807,49.08177560386338,2571.9644000000126</coordinates>
      </Point>
    </Placemark>
    <Placemark>
      <name></name>
      <Point>
        <extrude>1</extrude>
        <altitudeMode>absolute</altitudeMode>
        <coordinates>16.947735461891682,49.08173635588509,2579.974400000013</coordinates>
      </Point>
    </Placemark>
    <Placemark>
      <name></name>
      <Point>
        <extrude>1</extrude>
        <altitudeMode>absolute</altitudeMode>
        <coordinates>16.94643526067324,49.081722579551176,2587.984400000013</coordinates>
      </Point>
    </Placemark>
    <Placemark>
      <name></name>
      <Point>
        <extrude>1</extrude>
        <altitudeMode>absolute</altitudeMode>
        <coordinates>16.94513449503944,49.08173431766017,2595.9944000000132</coordinates>
      </Point>
    </Placemark>
    <Placemark>
      <name></name>
      <Point>
        <extrude>1</extrude>
        <altitudeMode>absolute</altitudeMode>
        <coordinates>16.943834331997635,49.08177159015962,2604.0044000000134</coordinates>
      </Point>
    </Placemark>
    <Placemark>
      <name></name>
      <Point>
        <extrude>1</extrude>
        <altitudeMode>absolute</altitudeMode>
        <coordinates>16.942535940341656,49.08183439406427,2612.0144000000137</coordinates>
      </Point>
    </Placemark>
    <Placemark>
      <name></name>
      <Point>
        <extrude>1</extrude>
        <altitudeMode>absolute</altitudeMode>
        <coordinates>16.941240489606685,49.081922703394845,2620.024400000014</coordinates>
      </Point>
    </Placemark>
    <Placemark>
      <name></name>
      <Point>
        <extrude>1</extrude>
        <altitudeMode>absolute</altitudeMode>
        <coordinates>16.939949149019384,49.08203646913717,2628.034400000014</coordinates>
      </Point>
    </Placemark>
    <Placemark>
      <name></name>
      <Point>
        <extrude>1</extrude>
        <altitudeMode>absolute</altitudeMode>
        <coordinates>16.93866308644482,49.08217561922225,2636.0444000000143</coordinates>
      </Point>
    </Placemark>
    <Placemark>
      <name></name>
      <Point>
        <extrude>1</extrude>
        <altitudeMode>absolute</altitudeMode>
        <coordinates>16.93738346733059,49.08234005852695,2644.0544000000145</coordinates>
      </Point>
    </Placemark>
    <Placemark>
      <name></name>
      <Point>
        <extrude>1</extrude>
        <altitudeMode>absolute</altitudeMode>
        <coordinates>16.93611145364946,49.08252966889572,2652.0644000000148</coordinates>
      </Point>
    </Placemark>
    <Placemark>
      <name></name>
      <Point>
        <extrude>1</extrude>
        <altitudeMode>absolute</altitudeMode>
        <coordinates>16.934848202841124,49.08274430918313,2660.074400000015</coordinates>
      </Point>
    </Placemark>
    <Placemark>
      <name></name>
      <Point>
        <extrude>1</extrude>
        <altitudeMode>absolute</altitudeMode>
        <coordinates>16.93359486675422,49.08298381531759,2668.084400000015</coordinates>
      </Point>
    </Placemark>
    <Placemark>
      <name></name>
      <Point>
        <extrude>1</extrude>
        <altitudeMode>absolute</altitudeMode>
        <coordinates>16.932352590589687,49.08324800038601,2676.0944000000154</coordinates>
      </Point>
    </Placemark>
    <Placemark>
      <name></name>
      <Point>
        <extrude>1</extrude>
        <altitudeMode>absolute</altitudeMode>
        <coordinates>16.931122511846098,49.08353665473959,2684.1044000000156</coordinates>
      </Point>
    </Placemark>
    <Placemark>
      <name></name>
      <Point>
        <extrude>1</extrude>
        <altitudeMode>absolute</altitudeMode>
        <coordinates>16.929905759268138,49.083849546120696,2692.114400000016</coordinates>
      </Point>
    </Placemark>
    <Placemark>
      <name></name>
      <Point>
        <extrude>1</extrude>
        <altitudeMode>absolute</altitudeMode>
        <coordinates>16.92870345179915,49.08418641981066,2700.124400000016</coordinates>
      </Point>
    </Placemark>
    <Placemark>
      <name></name>
      <Point>
        <extrude>1</extrude>
        <altitudeMode>absolute</altitudeMode>
        <coordinates>16.92751669753875,49.08454699879876,2708.1344000000163</coordinates>
      </Point>
    </Placemark>
    <Placemark>
      <name></name>
      <Point>
        <extrude>1</extrude>
        <altitudeMode>absolute</altitudeMode>
        <coordinates>16.926346592706352,49.08493098397195,2716.1444000000165</coordinates>
      </Point>
    </Placemark>
    <Placemark>
      <name></name>
      <Point>
        <extrude>1</extrude>
        <altitudeMode>absolute</altitudeMode>
        <coordinates>16.925194220611758,49.085338054325646,2724.1544000000167</coordinates>
      </Point>
    </Placemark>
    <Placemark>
      <name></name>
      <Point>
        <extrude>1</extrude>
        <altitudeMode>absolute</altitudeMode>
        <coordinates>16.92406065063355,49.0857678671951,2732.164400000017</coordinates>
      </Point>
    </Placemark>
    <Placemark>
      <name></name>
      <Point>
        <extrude>1</extrude>
        <altitudeMode>absolute</altitudeMode>
        <coordinates>16.922946937206405,49.0862200585075,2740.174400000017</coordinates>
      </Point>
    </Placemark>
    <Placemark>
      <name></name>
      <Point>
        <extrude>1</extrude>
        <altitudeMode>absolute</altitudeMode>
        <coordinates>16.921854118818317,49.08669424305454,2748.1844000000174</coordinates>
      </Point>
    </Placemark>
    <Placemark>
      <name></name>
      <Point>
        <extrude>1</extrude>
        <altitudeMode>absolute</altitudeMode>
        <coordinates>16.920783217018567,49.087190014785335,2756.1944000000176</coordinates>
      </Point>
    </Placemark>
    <Placemark>
      <name></name>
      <Point>
        <extrude>1</extrude>
        <altitudeMode>absolute</altitudeMode>
        <coordinates>16.91973523543743,49.08770694711949,2764.204400000018</coordinates>
      </Point>
    </Placemark>
    <Placemark>
      <name></name>
      <Point>
        <extrude>1</extrude>
        <altitudeMode>absolute</altitudeMode>
        <coordinates>16.91871115881858,49.0882445932801,2772.214400000018</coordinates>
      </Point>
    </Placemark>
    <Placemark>
      <name></name>
      <Point>
        <extrude>1</extrude>
        <altitudeMode>absolute</altitudeMode>
        <coordinates>16.91771195206522,49.08880248664658,2780.2244000000182</coordinates>
      </Point>
    </Placemark>
    <Placemark>
      <name></name>
      <Point>
        <extrude>1</extrude>
        <altitudeMode>absolute</altitudeMode>
        <coordinates>16.916738559300654,49.089380141126824,2788.2344000000185</coordinates>
      </Point>
    </Placemark>
    <Placemark>
      <name>turn-313.9-deg</name>
      <Point>
        <extrude>1</extrude>
        <altitudeMode>absolute</altitudeMode>
        <coordinates>16.915791902944477,49.08997705154878,2796.2444000000187</coordinates>
      </Point>
    </Placemark>
    <Placemark>
      <name></name>
      <Point>
        <extrude>1</extrude>
        <altitudeMode>absolute</altitudeMode>
        <coordinates>16.914837760824714,49.090569336636634,2804.254400000019</coordinates>
      </Point>
    </Placemark>
    <Placemark>
      <name></name>
      <Point>
        <extrude>1</extrude>
        <altitudeMode>absolute</altitudeMode>
        <coordinates>16.91388321428842,49.09116185075775,2812.264400000019</coordinates>
      </Point>
    </Placemark>
    <Placemark>
      <name></name>
      <Point>
        <extrude>1</extrude>
        <altitudeMode>absolute</altitudeMode>
        <coordinates>16.912928263090947,49.09175459403676,2820.2744000000193</coordinates>
      </Point>
    </Placemark>
    <Placemark>
      <name></name>
      <Point>
        <extrude>1</extrude>
        <altitudeMode>absolute</altitudeMode>
        <coordinates>16.911972906987476,49.092347566598434,2828.2844000000196</coordinates>
      </Point>
    </Placemark>
    <Placemark>
      <name></name>
      <Point>
        <extrude>1</extrude>
        <altitudeMode>absolute</altitudeMode>
        <coordinates>16.91101714573298,49.092940768567544,2836.29440000002</coordinates>
      </Point>
    </Placemark>
    <Placemark>
      <name></name>
      <Point>
        <extrude>1</extrude>
        <altitudeMode>absolute</altitudeMode>
        <coordinates>16.91006097908226,49.09353420006901,2844.30440000002</coordinates>
      </Point>
    </Placemark>
    <Placemark>
      <name></name>
      <Point>
        <extrude>1</extrude>
        <altitudeMode>absolute</altitudeMode>
        <coordinates>16.909104406789943,49.09412786122779,2852.31440000002</coordinates>
      </Point>
    </Placemark>
    <Placemark>
      <name></name>
      <Point>
        <extrude>1</extrude>
        <altitudeMode>absolute</altitudeMode>
        <coordinates>16.908147428610445,49.09472175216897,2860.3244000000204</coordinates>
      </Point>
    </Placemark>
    <Placemark>
      <name></name>
      <Point>
        <extrude>1</extrude>
        <altitudeMode>absolute</altitudeMode>
        <coordinates>16.907190044298012,49.09531587301769,2868.3344000000207</coordinates>
      </Point>
    </Placemark>
    <Placemark>
      <name></name>
      <Point>
        <extrude>1</extrude>
        <altitudeMode>absolute</altitudeMode>
        <coordinates>16.906232253606714,49.09591022389916,2876.344400000021</coordinates>
      </Point>
    </Placemark>
    <Placemark>
      <name></name>
      <Point>
        <extrude>1</extrude>
        <altitudeMode>absolute</altitudeMode>
        <coordinates>16.905274056290413,49.09650480493871,2884.354400000021</coordinates>
      </Point>
    </Placemark>
    <Placemark>
      <name></name>
      <Point>
        <extrude>1</extrude>
        <altitudeMode>absolute</altitudeMode>
        <coordinates>16.904315452102782,49.097099616261694,2892.3644000000213</coordinates>
      </Point>
    </Placemark>
    <Placemark>
      <name></name>
      <Point>
        <extrude>1</extrude>
        <altitudeMode>absolute</altitudeMode>
        <coordinates>16.90335644079734,49.09769465799363,2900.3744000000215</coordinates>
      </Point>
    </Placemark>
    <Placemark>
      <name></name>
      <Point>
        <extrude>1</extrude>
        <altitudeMode>absolute</altitudeMode>
        <coordinates>16.902397022127392,49.09828993026005,2908.3844000000217</coordinates>
      </Point>
    </Placemark>
    <Placemark>
      <name></name>
      <Point>
        <extrude>1</extrude>
        <altitudeMode>absolute</altitudeMode>
        <coordinates>16.901437195846064,49.0988854331866,2916.394400000022</coordinates>
      </Point>
    </Placemark>
    <Placemark>
      <name></name>
      <Point>
        <extrude>1</extrude>
        <altitudeMode>absolute</altitudeMode>
        <coordinates>16.900476961706293,49.09948116689901,2924.404400000022</coordinates>
      </Point>
    </Placemark>
    <Placemark>
      <name></name>
      <Point>
        <extrude>1</extrude>
        <altitudeMode>absolute</altitudeMode>
        <coordinates>16.899516319460826,49.100077131523086,2932.4144000000224</coordinates>
      </Point>
    </Placemark>
    <Placemark>
      <name></name>
      <Point>
        <extrude>1</extrude>
        <altitudeMode>absolute</altitudeMode>
        <coordinates>16.898555268862236,49.1006733271847,2940.4244000000226</coordinates>
      </Point>
    </Placemark>
    <Placemark>
      <name></name>
      <Point>
        <extrude>1</extrude>
        <altitudeMode>absolute</altitudeMode>
        <coordinates>16.897593809662897,49.10126975400984,2948.434400000023</coordinates>
      </Point>
    </Placemark>
    <Placemark>
      <name></name>
      <Point>
        <extrude>1</extrude>
        <altitudeMode>absolute</altitudeMode>
        <coordinates>16.896631941615,49.10186641212456,2956.444400000023</coordinates>
      </Point>
    </Placemark>
    <Placemark>
      <name></name>
      <Point>
        <extrude>1</extrude>
        <altitudeMode>absolute</altitudeMode>
        <coordinates>16.895669664470542,49.10246330165501,2964.4544000000233</coordinates>
      </Point>
    </Placemark>
    <Placemark>
      <name></name>
      <Point>
        <extrude>1</extrude>
        <altitudeMode>absolute</altitudeMode>
        <coordinates>16.894706977981347,49.10306042272738,2972.4644000000235</coordinates>
      </Point>
    </Placemark>
    <Placemark>
      <name></name>
      <Point>
        <extrude>1</extrude>
        <altitudeMode>absolute</altitudeMode>
        <coordinates>16.89374388189903,49.10365777546801,2980.4744000000237</coordinates>
      </Point>
    </Placemark>
    <Placemark>
      <name></name>
      <Point>
        <extrude>1</extrude>
        <altitudeMode>absolute</altitudeMode>
        <coordinates>16.892780375975036,49.10425536000327,2988.484400000024</coordinates>
      </Point>
    </Placemark>
    <Placemark>
      <name></name>
      <Point>
        <extrude>1</extrude>
        <altitudeMode>absolute</altitudeMode>
        <coordinates>16.89181645996061,49.10485317645965,2996.494400000024</coordinates>
      </Point>
    </Placemark>
    <Placemark>
      <name></name>
      <Point>
        <extrude>1</extrude>
        <altitudeMode>absolute</altitudeMode>
        <coordinates>16.890852133606817,49.1054512249637,3004.5044000000244</coordinates>
      </Point>
    </Placemark>
    <Placemark>
      <name></name>
      <Point>
        <extrude>1</extrude>
        <altitudeMode>absolute</altitudeMode>
        <coordinates>16.889887396664523,49.10604950564204,3012.5144000000246</coordinates>
      </Point>
    </Placemark>
    <Placemark>
      <name></name>
      <Point>
        <extrude>1</extrude>
        <altitudeMode>absolute</altitudeMode>
        <coordinates>16.888922248884423,49.10664801862142,3020.524400000025</coordinates>
      </Point>
    </Placemark>
    <Placemark>
      <name></name>
      <Point>
        <extrude>1</extrude>
        <altitudeMode>absolute</altitudeMode>
        <coordinates>16.887956690017006,49.10724676402864,3028.534400000025</coordinates>
      </Point>
    </Placemark>
    <Placemark>
      <name></name>
      <Point>
        <extrude>1</extrude>
        <altitudeMode>absolute</altitudeMode>
        <coordinates>16.886990719812577,49.10784574199058,3036.5444000000252</coordinates>
      </Point>
    </Placemark>
    <Placemark>
      <name></name>
      <Point>
        <extrude>1</extrude>
        <altitudeMode>absolute</altitudeMode>
        <coordinates>16.886024338021247,49.10844495263423,3044.5544000000255</coordinates>
      </Point>
    </Placemark>
    <Placemark>
      <name></name>
      <Point>
        <extrude>1</extrude>
        <altitudeMode>absolute</altitudeMode>
        <coordinates>16.885057544392957,49.10904439608664,3052.5644000000257</coordinates>
      </Point>
    </Placemark>
    <Placemark>
      <name></name>
      <Point>
        <extrude>1</extrude>
        <altitudeMode>absolute</altitudeMode>
        <coordinates>16.884090338677435,49.109644072474964,3060.574400000026</coordinates>
      </Point>
    </Placemark>
    <Placemark>
      <name></name>
      <Point>
        <extrude>1</extrude>
        <altitudeMode>absolute</altitudeMode>
        <coordinates>16.883122720624225,49.110243981926416,3068.584400000026</coordinates>
      </Point>
    </Placemark>
    <Placemark>
      <name></name>
      <Point>
        <extrude>1</extrude>
        <altitudeMode>absolute</altitudeMode>
        <coordinates>16.882154689982695,49.11084412456832,3076.5944000000263</coordinates>
      </Point>
    </Placemark>
    <Placemark>
      <name></name>
      <Point>
        <extrude>1</extrude>
        <altitudeMode>absolute</altitudeMode>
        <coordinates>16.881186246502004,49.11144450052805,3084.6044000000265</coordinates>
      </Point>
    </Placemark>
    <Placemark>
      <name></name>
      <Point>
        <extrude>1</extrude>
        <altitudeMode>absolute</altitudeMode>
        <coordinates>16.880217389931133,49.112045109933106,3092.6144000000268</coordinates>
      </Point>
    </Placemark>
    <Placemark>
      <name></name>
      <Point>
        <extrude>1</extrude>
        <altitudeMode>absolute</altitudeMode>
        <coordinates>16.879248120018868,49.112645952911045,3100.624400000027</coordinates>
      </Point>
    </Placemark>
    <Placemark>
      <name></name>
      <Point>
        <extrude>1</extrude>
        <altitudeMode>absolute</altitudeMode>
        <coordinates>16.878278436513806,49.11324702958952,3108.634400000027</coordinates>
      </Point>
    </Placemark>
    <Placemark>
      <name></name>
      <Point>
        <extrude>1</extrude>
        <altitudeMode>absolute</altitudeMode>
        <coordinates>16.877308339164347,49.11384834009626,3116.6444000000274</coordinates>
      </Point>
    </Placemark>
    <Placemark>
      <name></name>
      <Point>
        <extrude>1</extrude>
        <altitudeMode>absolute</altitudeMode>
        <coordinates>16.87633782771872,49.114449884559086,3124.6544000000276</coordinates>
      </Point>
    </Placemark>
    <Placemark>
      <name></name>
      <Point>
        <extrude>1</extrude>
        <altitudeMode>absolute</altitudeMode>
        <coordinates>16.875366901924938,49.11505166310589,3132.664400000028</coordinates>
      </Point>
    </Placemark>
    <Placemark>
      <name></name>
      <Point>
        <extrude>1</extrude>
        <altitudeMode>absolute</altitudeMode>
        <coordinates>16.874395561530836,49.11565367586467,3140.674400000028</coordinates>
      </Point>
    </Placemark>
    <Placemark>
      <name></name>
      <Point>
        <extrude>1</extrude>
        <altitudeMode>absolute</altitudeMode>
        <coordinates>16.873423806284055,49.11625592296348,3148.6844000000283</coordinates>
      </Point>
    </Placemark>
    <Placemark>
      <name></name>
      <Point>
        <extrude>1</extrude>
        <altitudeMode>absolute</altitudeMode>
        <coordinates>16.87245163593204,49.11685840453049,3156.6944000000285</coordinates>
      </Point>
    </Placemark>
    <Placemark>
      <name></name>
      <Point>
        <extrude>1</extrude>
        <altitudeMode>absolute</altitudeMode>
        <coordinates>16.871479050222057,49.11746112069393,3164.7044000000287</coordinates>
      </Point>
    </Placemark>
    <Placemark>
      <name></name>
      <Point>
        <extrude>1</extrude>
        <altitudeMode>absolute</altitudeMode>
        <coordinates>16.870506048901166,49.11806407158213,3172.714400000029</coordinates>
      </Point>
    </Placemark>
    <Placemark>
      <name></name>
      <Point>
        <extrude>1</extrude>
        <altitudeMode>absolute</altitudeMode>
        <coordinates>16.869532631716243,49.118667257323516,3180.724400000029</coordinates>
      </Point>
    </Placemark>
    <Placemark>
      <name></name>
      <Point>
        <extrude>1</extrude>
        <altitudeMode>absolute</altitudeMode>
        <coordinates>16.868558798413975,49.119270678046554,3188.7344000000294</coordinates>
      </Point>
    </Placemark>
    <Placemark>
      <name></name>
      <Point>
        <extrude>1</extrude>
        <altitudeMode>absolute</altitudeMode>
        <coordinates>16.86758454874084,49.119874333879835,3196.7444000000296</coordinates>
      </Point>
    </Placemark>
    <Placemark>
      <name></name>
      <Point>
        <extrude>1</extrude>
        <altitudeMode>absolute</altitudeMode>
        <coordinates>16.866609882443143,49.12047822495202,3204.75440000003</coordinates>
      </Point>
    </Placemark>
    <Placemark>
      <name></name>
      <Point>
        <extrude>1</extrude>
        <altitudeMode>absolute</altitudeMode>
        <coordinates>16.86563479926699,49.121082351391884,3212.76440000003</coordinates>
      </Point>
    </Placemark>
    <Placemark>
      <name></name>
      <Point>
        <extrude>1</extrude>
        <altitudeMode>absolute</altitudeMode>
        <coordinates>16.864659298958284,49.12168671332822,3220.7744000000303</coordinates>
      </Point>
    </Placemark>
    <Placemark>
      <name></name>
      <Point>
        <extrude>1</extrude>
        <altitudeMode>absolute</altitudeMode>
        <coordinates>16.863683381262746,49.12229131088997,3228.7844000000305</coordinates>
      </Point>
    </Placemark>
    <Placemark>
      <name></name>
      <Point>
        <extrude>1</extrude>
        <altitudeMode>absolute</altitudeMode>
        <coordinates>16.86270704592591,49.122896144206145,3236.7944000000307</coordinates>
      </Point>
    </Placemark>
    <Placemark>
      <name></name>
      <Point>
        <extrude>1</extrude>
        <altitudeMode>absolute</altitudeMode>
        <coordinates>16.861730292693093,49.123501213405824,3244.804400000031</coordinates>
      </Point>
    </Placemark>
    <Placemark>
      <name></name>
      <Point>
        <extrude>1</extrude>
        <altitudeMode>absolute</altitudeMode>
        <coordinates>16.860753121309447,49.124106518618184,3252.814400000031</coordinates>
      </Point>
    </Placemark>
    <Placemark>
      <name></name>
      <Point>
        <extrude>1</extrude>
        <altitudeMode>absolute</altitudeMode>
        <coordinates>16.859775531519904,49.124712059972495,3260.8244000000313</coordinates>
      </Point>
    </Placemark>
    <Placemark>
      <name></name>
      <Point>
        <extrude>1</extrude>
        <altitudeMode>absolute</altitudeMode>
        <coordinates>16.858797523069228,49.1253178375981,3268.8344000000316</coordinates>
      </Point>
    </Placemark>
    <Placemark>
      <name></name>
      <Point>
        <extrude>1</extrude>
        <altitudeMode>absolute</altitudeMode>
        <coordinates>16.857819095701963,49.125923851624414,3276.844400000032</coordinates>
      </Point>
    </Placemark>
    <Placemark>
      <name></name>
      <Point>
        <extrude>1</extrude>
        <altitudeMode>absolute</altitudeMode>
        <coordinates>16.856840249162484,49.126530102180986,3284.854400000032</coordinates>
      </Point>
    </Placemark>
    <Placemark>
      <name></name>
      <Point>
        <extrude>1</extrude>
        <altitudeMode>absolute</altitudeMode>
        <coordinates>16.85586098319495,49.1271365893974,3292.864400000032</coordinates>
      </Point>
    </Placemark>
    <Placemark>
      <name></name>
      <Point>
        <extrude>1</extrude>
        <altitudeMode>absolute</altitudeMode>
        <coordinates>16.85488129754334,49.127743313403336,3300.8744000000324</coordinates>
      </Point>
    </Placemark>
    <Placemark>
      <name></name>
      <Point>
        <extrude>1</extrude>
        <altitudeMode>absolute</altitudeMode>
        <coordinates>16.85390119195143,49.12835027432859,3308.8844000000327</coordinates>
      </Point>
    </Placemark>
    <Placemark>
      <name></name>
      <Point>
        <extrude>1</extrude>
        <altitudeMode>absolute</altitudeMode>
        <coordinates>16.852920666162802,49.12895747230302,3316.894400000033</coordinates>
      </Point>
    </Placemark>
    <Placemark>
      <name></name>
      <Point>
        <extrude>1</extrude>
        <altitudeMode>absolute</altitudeMode>
        <coordinates>16.851939719920853,49.12956490745655,3324.904400000033</coordinates>
      </Point>
    </Placemark>
    <Placemark>
      <name></name>
      <Point>
        <extrude>1</extrude>
        <altitudeMode>absolute</altitudeMode>
        <coordinates>16.850958352968764,49.13017257991923,3332.9144000000333</coordinates>
      </Point>
    </Placemark>
    <Placemark>
      <name></name>
      <Point>
        <extrude>1</extrude>
        <altitudeMode>absolute</altitudeMode>
        <coordinates>16.849976565049555,49.13078048982119,3340.9244000000335</coordinates>
      </Point>
    </Placemark>
    <Placemark>
      <name></name>
      <Point>
        <extrude>1</extrude>
        <altitudeMode>absolute</altitudeMode>
        <coordinates>16.848994355906004,49.131388637292616,3348.9344000000337</coordinates>
      </Point>
    </Placemark>
    <Placemark>
      <name></name>
      <Point>
        <extrude>1</extrude>
        <altitudeMode>absolute</altitudeMode>
        <coordinates>16.848011725280735,49.13199702246381,3356.944400000034</coordinates>
      </Point>
    </Placemark>
    <Placemark>
      <name></name>
      <Point>
        <extrude>1</extrude>
        <altitudeMode>absolute</altitudeMode>
        <coordinates>16.84702867291616,49.13260564546514,3364.954400000034</coordinates>
      </Point>
    </Placemark>
    <Placemark>
      <name></name>
      <Point>
        <extrude>1</extrude>
        <altitudeMode>absolute</altitudeMode>
        <coordinates>16.846045198554485,49.133214506427066,3372.9644000000344</coordinates>
      </Point>
    </Placemark>
    <Placemark>
      <name></name>
      <Point>
        <extrude>1</extrude>
        <altitudeMode>absolute</altitudeMode>
        <coordinates>16.84506130193774,49.133823605480146,3380.9744000000346</coordinates>
      </Point>
    </Placemark>
    <Placemark>
      <name></name>
      <Point>
        <extrude>1</extrude>
        <altitudeMode>absolute</altitudeMode>
        <coordinates>16.844076982807742,49.13443294275502,3388.984400000035</coordinates>
      </Point>
    </Placemark>
    <Placemark>
      <name></name>
      <Point>
        <extrude>1</extrude>
        <altitudeMode>absolute</altitudeMode>
        <coordinates>16.843092240906117,49.13504251838239,3396.994400000035</coordinates>
      </Point>
    </Placemark>
    <Placemark>
      <name></name>
      <Point>
        <extrude>1</extrude>
        <altitudeMode>absolute</altitudeMode>
        <coordinates>16.842107075974297,49.13565233249309,3405.0044000000353</coordinates>
      </Point>
    </Placemark>
    <Placemark>
      <name></name>
      <Point>
        <extrude>1</extrude>
        <altitudeMode>absolute</altitudeMode>
        <coordinates>16.84112004184984,49.13626328017647,3413.494400000035</coordinates>
      </Point>
    </Placemark>
    <Placemark>
      <name></name>
      <Point>
        <extrude>1</extrude>
        <altitudeMode>absolute</altitudeMode>
        <coordinates>16.84013010876694,49.1368759986607,3421.984400000035</coordinates>
      </Point>
    </Placemark>
    <Placemark>
      <name></name>
      <Point>
        <extrude>1</extrude>
        <altitudeMode>absolute</altitudeMode>
        <coordinates>16.839137278323054,49.13749048675052,3430.4744000000346</coordinates>
      </Point>
    </Placemark>
    <Placemark>
      <name></name>
      <Point>
        <extrude>1</extrude>
        <altitudeMode>absolute</altitudeMode>
        <coordinates>16.838141552118078,49.13810674324875,3438.9644000000344</coordinates>
      </Point>
    </Placemark>
    <Placemark>
      <name></name>
      <Point>
        <extrude>1</extrude>
        <altitudeMode>absolute</altitudeMode>
        <coordinates>16.83714293175437,49.138724766956194,3447.454400000034</coordinates>
      </Point>
    </Placemark>
    <Placemark>
      <name></name>
      <Point>
        <extrude>1</extrude>
        <altitudeMode>absolute</altitudeMode>
        <coordinates>16.83614141883673,49.13934455667177,3455.944400000034</coordinates>
      </Point>
    </Placemark>
    <Placemark>
      <name></name>
      <Point>
        <extrude>1</extrude>
        <altitudeMode>absolute</altitudeMode>
        <coordinates>16.835137014972414,49.13996611119241,3464.4344000000337</coordinates>
      </Point>
    </Placemark>
    <Placemark>
      <name></name>
      <Point>
        <extrude>1</extrude>
        <altitudeMode>absolute</altitudeMode>
        <coordinates>16.83412972177113,49.14058942931311,3472.9244000000335</coordinates>
      </Point>
    </Placemark>
    <Placemark>
      <name></name>
      <Point>
        <extrude>1</extrude>
        <altitudeMode>absolute</altitudeMode>
        <coordinates>16.833119540845022,49.1412145098269,3481.4144000000333</coordinates>
      </Point>
    </Placemark>
    <Placemark>
      <name></name>
      <Point>
        <extrude>1</extrude>
        <altitudeMode>absolute</altitudeMode>
        <coordinates>16.832106473808718,49.14184135152489,3489.904400000033</coordinates>
      </Point>
    </Placemark>
    <Placemark>
      <name></name>
      <Point>
        <extrude>1</extrude>
        <altitudeMode>absolute</altitudeMode>
        <coordinates>16.83109052227927,49.14246995319621,3498.394400000033</coordinates>
      </Point>
    </Placemark>
    <Placemark>
      <name></name>
      <Point>
        <extrude>1</extrude>
        <altitudeMode>absolute</altitudeMode>
        <coordinates>16.830071687876185,49.14310031362806,3506.8844000000327</coordinates>
      </Point>
    </Placemark>
    <Placemark>
      <name></name>
      <Point>
        <extrude>1</extrude>
        <altitudeMode>absolute</altitudeMode>
        <coordinates>16.829049972221437,49.14373243160572,3515.3744000000324</coordinates>
      </Point>
    </Placemark>
    <Placemark>
      <name>turn-94.5-deg</name>
      <Point>
        <extrude>1</extrude>
        <altitudeMode>absolute</altitudeMode>
        <coordinates>16.828025376939443,49.144366305912484,3523.864400000032</coordinates>
      </Point>
    </Placemark>
    <Placemark>
      <name></name>
      <Point>
        <extrude>1</extrude>
        <altitudeMode>absolute</altitudeMode>
        <coordinates>16.82698717484047,49.14499443102316,3532.354400000032</coordinates>
      </Point>
    </Placemark>
    <Placemark>
      <name></name>
      <Point>
        <extrude>1</extrude>
        <altitudeMode>absolute</altitudeMode>
        <coordinates>16.825935407368604,49.1456166650021,3540.844400000032</coordinates>
      </Point>
    </Placemark>
    <Placemark>
      <name></name>
      <Point>
        <extrude>1</extrude>
        <altitudeMode>absolute</altitudeMode>
        <coordinates>16.824870119295156,49.14623286544875,3549.3344000000316</coordinates>
      </Point>
    </Placemark>
    <Placemark>
      <name></name>
      <Point>
        <extrude>1</extrude>
        <altitudeMode>absolute</altitudeMode>
        <coordinates>16.823791358752487,49.14684288952679,3557.8244000000313</coordinates>
      </Point>
    </Placemark>
    <Placemark>
      <name></name>
      <Point>
        <extrude>1</extrude>
        <altitudeMode>absolute</altitudeMode>
        <coordinates>16.822699177267395,49.14744659399386,3566.314400000031</coordinates>
      </Point>
    </Placemark>
    <Placemark>
      <name></name>
      <Point>
        <extrude>1</extrude>
        <altitudeMode>absolute</altitudeMode>
        <coordinates>16.821593629794137,49.14804383523188,3574.804400000031</coordinates>
      </Point>
    </Placemark>
    <Placemark>
      <name></name>
      <Point>
        <extrude>1</extrude>
        <altitudeMode>absolute</altitudeMode>
        <coordinates>16.82047477474677,49.14863446927788,3583.2944000000307</coordinates>
      </Point>
    </Placemark>
    <Placemark>
      <name></name>
      <Point>
        <extrude>1</extrude>
        <altitudeMode>absolute</altitudeMode>
        <coordinates>16.819342674031162,49.149218351855495,3591.7844000000305</coordinates>
      </Point>
    </Placemark>
    <Placemark>
      <name></name>
      <Point>
        <extrude>1</extrude>
        <altitudeMode>absolute</altitudeMode>
        <coordinates>16.81819739307636,49.14979533840698,3600.2744000000303</coordinates>
      </Point>
    </Placemark>
    <Placemark>
      <name></name>
      <Point>
        <extrude>1</extrude>
        <altitudeMode>absolute</altitudeMode>
        <coordinates>16.817039000865435,49.150365284125826,3608.76440000003</coordinates>
      </Point>
    </Placemark>
    <Placemark>
      <name></name>
      <Point>
        <extrude>1</extrude>
        <altitudeMode>absolute</altitudeMode>
        <coordinates>16.81586756996586,49.15092804398996,3617.25440000003</coordinates>
      </Point>
    </Placemark>
    <Placemark>
      <name></name>
      <Point>
        <extrude>1</extrude>
        <altitudeMode>absolute</altitudeMode>
        <coordinates>16.8146831765591,49.15148347279544,3625.7444000000296</coordinates>
      </Point>
    </Placemark>
    <Placemark>
      <name></name>
      <Point>
        <extrude>1</extrude>
        <altitudeMode>absolute</altitudeMode>
        <coordinates>16.81348590046983,49.15203142519088,3634.2344000000294</coordinates>
      </Point>
    </Placemark>
    <Placemark>
      <name></name>
      <Point>
        <extrude>1</extrude>
        <altitudeMode>absolute</altitudeMode>
        <coordinates>16.81227582519432,49.15257175571224,3642.724400000029</coordinates>
      </Point>
    </Placemark>
    <Placemark>
      <name></name>
      <Point>
        <extrude>1</extrude>
        <altitudeMode>absolute</altitudeMode>
        <coordinates>16.811053037928275,49.1531043188184,3651.214400000029</coordinates>
      </Point>
    </Placemark>
    <Placemark>
      <name></name>
      <Point>
        <extrude>1</extrude>
        <altitudeMode>absolute</altitudeMode>
        <coordinates>16.80981762959405,49.153628968927094,3659.7044000000287</coordinates>
      </Point>
    </Placemark>
    <Placemark>
      <name></name>
      <Point>
        <extrude>1</extrude>
        <altitudeMode>absolute</altitudeMode>
        <coordinates>16.808569694867032,49.15414556045157,3668.1944000000285</coordinates>
      </Point>
    </Placemark>
    <Placemark>
      <name></name>
      <Point>
        <extrude>1</extrude>
        <altitudeMode>absolute</altitudeMode>
        <coordinates>16.80730933220144,49.15465394783769,3676.6844000000283</coordinates>
      </Point>
    </Placemark>
    <Placemark>
      <name></name>
      <Point>
        <extrude>1</extrude>
        <altitudeMode>absolute</altitudeMode>
        <coordinates>16.80603664385538,49.15515398560171,3685.174400000028</coordinates>
      </Point>
    </Placemark>
    <Placemark>
      <name></name>
      <Point>
        <extrude>1</extrude>
        <altitudeMode>absolute</altitudeMode>
        <coordinates>16.80475173591506,49.15564552836848,3693.664400000028</coordinates>
      </Point>
    </Placemark>
    <Placemark>
      <name></name>
      <Point>
        <extrude>1</extrude>
        <altitudeMode>absolute</altitudeMode>
        <coordinates>16.803454718318335,49.15612843091031,3702.1544000000276</coordinates>
      </Point>
    </Placemark>
    <Placemark>
      <name></name>
      <Point>
        <extrude>1</extrude>
        <altitudeMode>absolute</altitudeMode>
        <coordinates>16.802145704877404,49.156602548186264,3710.6444000000274</coordinates>
      </Point>
    </Placemark>
    <Placemark>
      <name></name>
      <Point>
        <extrude>1</extrude>
        <altitudeMode>absolute</altitudeMode>
        <coordinates>16.80082481330072,49.15706773538212,3719.134400000027</coordinates>
      </Point>
    </Placemark>
    <Placemark>
      <name></name>
      <Point>
        <extrude>1</extrude>
        <altitudeMode>absolute</altitudeMode>
        <coordinates>16.79949216521399,49.157523847950785,3727.624400000027</coordinates>
      </Point>
    </Placemark>
    <Placemark>
      <name></name>
      <Point>
        <extrude>1</extrude>
        <altitudeMode>absolute</altitudeMode>
        <coordinates>16.79814788618043,49.157970741653266,3736.1144000000268</coordinates>
      </Point>
    </Placemark>
    <Placemark>
      <name></name>
      <Point>
        <extrude>1</extrude>
        <altitudeMode>absolute</altitudeMode>
        <coordinates>16.796792105720073,49.15840827260015,3744.6044000000265</coordinates>
      </Point>
    </Placemark>
    <Placemark>
      <name></name>
      <Point>
        <extrude>1</extrude>
        <altitudeMode>absolute</altitudeMode>
        <coordinates>16.79542495732821,49.15883629729367,3753.0944000000263</coordinates>
      </Point>
    </Placemark>
    <Placemark>
      <name></name>
      <Point>
        <extrude>1</extrude>
        <altitudeMode>absolute</altitudeMode>
        <coordinates>16.79404657849284,49.1592546726702,3761.584400000026</coordinates>
      </Point>
    </Placemark>
    <Placemark>
      <name></name>
      <Point>
        <extrude>1</extrude>
        <altitudeMode>absolute</altitudeMode>
        <coordinates>16.792657110711275,49.159663256143304,3770.074400000026</coordinates>
      </Point>
    </Placemark>
    <Placemark>
      <name></name>
      <Point>
        <extrude>1</extrude>
        <altitudeMode>absolute</altitudeMode>
        <coordinates>16.79125669950571,49.1600619056473,3778.5644000000257</coordinates>
      </Point>
    </Placemark>
    <Placemark>
      <name></name>
      <Point>
        <extrude>1</extrude>
        <altitudeMode>absolute</altitudeMode>
        <coordinates>16.789845494437856,49.16045047968128,3787.0544000000255</coordinates>
      </Point>
    </Placemark>
    <Placemark>
      <name></name>
      <Point>
        <extrude>1</extrude>
        <altitudeMode>absolute</altitudeMode>
        <coordinates>16.78842364912248,49.160828837353705,3795.5444000000252</coordinates>
      </Point>
    </Placemark>
    <Placemark>
      <name></name>
      <Point>
        <extrude>1</extrude>
        <altitudeMode>absolute</altitudeMode>
        <coordinates>16.78699132124001,49.16119683842734,3804.034400000025</coordinates>
      </Point>
    </Placemark>
    <Placemark>
      <name></name>
      <Point>
        <extrude>1</extrude>
        <altitudeMode>absolute</altitudeMode>
        <coordinates>16.78554867254806,49.16155434336479,3812.524400000025</coordinates>
      </Point>
    </Placemark>
    <Placemark>
      <name></name>
      <Point>
        <extrude>1</extrude>
        <altitudeMode>absolute</altitudeMode>
        <coordinates>16.78409586889188,49.161901213374534,3821.0144000000246</coordinates>
      </Point>
    </Placemark>
    <Placemark>
      <name></name>
      <Point>
        <extrude>1</extrude>
        <altitudeMode>absolute</altitudeMode>
        <coordinates>16.782633080213657,49.16223731045723,3829.5044000000244</coordinates>
      </Point>
    </Placemark>
    <Placemark>
      <name></name>
      <Point>
        <extrude>1</extrude>
        <altitudeMode>absolute</altitudeMode>
        <coordinates>16.78116048056083,49.162562497452654,3837.994400000024</coordinates>
      </Point>
    </Placemark>
    <Placemark>
      <name></name>
      <Point>
        <extrude>1</extrude>
        <altitudeMode>absolute</altitudeMode>
        <coordinates>16.77967824809309,49.162876638087006,3846.484400000024</coordinates>
      </Point>
    </Placemark>
    <Placemark>
      <name></name>
      <Point>
        <extrude>1</extrude>
        <altitudeMode>absolute</altitudeMode>
        <coordinates>16.77818656508842,49.16317959702067,3854.9744000000237</coordinates>
      </Point>
    </Placemark>
    <Placemark>
      <name></name>
      <Point>
        <extrude>1</extrude>
        <altitudeMode>absolute</altitudeMode>
        <coordinates>16.776685617947805,49.163471239896374,3863.4644000000235</coordinates>
      </Point>
    </Placemark>
    <Placemark>
      <name></name>
      <Point>
        <extrude>1</extrude>
        <altitudeMode>absolute</altitudeMode>
        <coordinates>16.775175597198825,49.163751433387795,3871.9544000000233</coordinates>
      </Point>
    </Placemark>
    <Placemark>
      <name></name>
      <Point>
        <extrude>1</extrude>
        <altitudeMode>absolute</altitudeMode>
        <coordinates>16.773656697497927,49.16402004524851,3880.444400000023</coordinates>
      </Point>
    </Placemark>
    <Placemark>
      <name></name>
      <Point>
        <extrude>1</extrude>
        <altitudeMode>absolute</altitudeMode>
        <coordinates>16.772129117631636,49.164276944361475,3888.934400000023</coordinates>
      </Point>
    </Placemark>
    <Placemark>
      <name></name>
      <Point>
        <extrude>1</extrude>
        <altitudeMode>absolute</altitudeMode>
        <coordinates>16.77059306051629,49.16452200078867,3897.4244000000226</coordinates>
      </Point>
    </Placemark>
    <Placemark>
      <name></name>
      <Point>
        <extrude>1</extrude>
        <altitudeMode>absolute</altitudeMode>
        <coordinates>16.769048733196655,49.16475508582137,3905.9144000000224</coordinates>
      </Point>
    </Placemark>
    <Placemark>
      <name></name>
      <Point>
        <extrude>1</extrude>
        <altitudeMode>absolute</altitudeMode>
        <coordinates>16.76749634684316,49.16497607203052,3914.404400000022</coordinates>
      </Point>
    </Placemark>
    <Placemark>
      <name></name>
      <Point>
        <extrude>1</extrude>
        <altitudeMode>absolute</altitudeMode>
        <coordinates>16.76593611674778,49.16518483331771,3922.894400000022</coordinates>
      </Point>
    </Placemark>
    <Placemark>
      <name></name>
      <Point>
        <extrude>1</extrude>
        <altitudeMode>absolute</altitudeMode>
        <coordinates>16.76436826231867,49.165381244966255,3931.3844000000217</coordinates>
      </Point>
    </Placemark>
    <Placemark>
      <name></name>
      <Point>
        <extrude>1</extrude>
        <altitudeMode>absolute</altitudeMode>
        <coordinates>16.762793007073412,49.165565183692806,3939.8744000000215</coordinates>
      </Point>
    </Placemark>
    <Placemark>
      <name></name>
      <Point>
        <extrude>1</extrude>
        <altitudeMode>absolute</altitudeMode>
        <coordinates>16.761210578630738,49.16573652769905,3948.3644000000213</coordinates>
      </Point>
    </Placemark>
    <Placemark>
      <name></name>
      <Point>
        <extrude>1</extrude>
        <altitudeMode>absolute</altitudeMode>
        <coordinates>16.75962120870102,49.165895156723955,3956.854400000021</coordinates>
      </Point>
    </Placemark>
    <Placemark>
      <name></name>
      <Point>
        <extrude>1</extrude>
        <altitudeMode>absolute</altitudeMode>
        <coordinates>16.758025133075336,49.16604095209608,3965.344400000021</coordinates>
      </Point>
    </Placemark>
    <Placemark>
      <name></name>
      <Point>
        <extrude>1</extrude>
        <altitudeMode>absolute</altitudeMode>
        <coordinates>16.756422591612875,49.166173796786325,3973.8344000000207</coordinates>
      </Point>
    </Placemark>
    <Placemark>
      <name></name>
      <Point>
        <extrude>1</extrude>
        <altitudeMode>absolute</altitudeMode>
        <coordinates>16.754813828227213,49.166293575460806,3982.3244000000204</coordinates>
      </Point>
    </Placemark>
    <Placemark>
      <name></name>
      <Point>
        <extrude>1</extrude>
        <altitudeMode>absolute</altitudeMode>
        <coordinates>16.75319909087085,49.166400174534026,3990.81440000002</coordinates>
      </Point>
    </Placemark>
    <Placemark>
      <name></name>
      <Point>
        <extrude>1</extrude>
        <altitudeMode>absolute</altitudeMode>
        <coordinates>16.75157863151827,49.16649348222234,3999.30440000002</coordinates>
      </Point>
    </Placemark>
    <Placemark>
      <name></name>
      <Point>
        <extrude>1</extrude>
        <altitudeMode>absolute</altitudeMode>
        <coordinates>16.749952706147667,49.1665733885975,4007.79440000002</coordinates>
      </Point>
    </Placemark>
    <Placemark>
      <name>turn-273.6-deg</name>
      <Point>
        <extrude>1</extrude>
        <altitudeMode>absolute</altitudeMode>
        <coordinates>16.74832157472099,49.166639785640456,4016.2844000000196</coordinates>
      </Point>
    </Placemark>
  </Document>
</kml>
